{"v":"5.6.6","fr":24,"ip":0,"op":120,"w":3500,"h":3500,"nm":"Wavy_Gen-01_Single-11","ddd":0,"assets":[],"layers":[{"ddd":0,"ind":1,"ty":3,"nm":"Null 38","sr":1,"ks":{"o":{"a":0,"k":0,"ix":11},"r":{"a":0,"k":0,"ix":10},"p":{"a":0,"k":[2321.975,1555.91,0],"ix":2},"a":{"a":0,"k":[50,50,0],"ix":1},"s":{"a":0,"k":[327,327,100],"ix":6}},"ao":0,"ip":0,"op":480,"st":0,"bm":0},{"ddd":0,"ind":2,"ty":4,"nm":"hand R boy 2","parent":1,"sr":1,"ks":{"o":{"a":0,"k":100,"ix":11},"r":{"a":1,"k":[{"i":{"x":[0.299],"y":[1]},"o":{"x":[0.333],"y":[0]},"t":3,"s":[-6]},{"i":{"x":[0.299],"y":[1]},"o":{"x":[0.167],"y":[0]},"t":25,"s":[6]},{"i":{"x":[0.833],"y":[1]},"o":{"x":[0.167],"y":[0]},"t":41,"s":[0]},{"i":{"x":[0.667],"y":[1]},"o":{"x":[0.167],"y":[0]},"t":101,"s":[0]},{"t":120,"s":[-6]}],"ix":10},"p":{"a":0,"k":[191.975,-3.221,0],"ix":2},"a":{"a":0,"k":[1459.831,103.457,0],"ix":1},"s":{"a":0,"k":[29.583,29.583,100],"ix":6}},"ao":0,"shapes":[{"ty":"gr","it":[{"ind":0,"ty":"sh","ix":1,"ks":{"a":0,"k":{"i":[[11.992,-24.926],[-2.108,7.797],[25.277,2.389]],"o":[[87.841,8.693],[2.689,-9.951],[-25.646,-2.424]],"v":[[-55.049,16.707],[54.845,10.75],[7.906,-20.499]],"c":true},"ix":2},"nm":"Path 1","mn":"ADBE Vector Shape - Group","hd":false},{"ty":"gf","o":{"a":0,"k":100,"ix":10},"r":1,"bm":0,"g":{"p":3,"k":{"a":0,"k":[0,1,0.769,0.267,0.498,0.976,0.602,0.302,0.996,0.953,0.435,0.337],"ix":9}},"s":{"a":0,"k":[144.839,3.207],"ix":5},"e":{"a":0,"k":[149.52,-72.183],"ix":6},"t":1,"nm":"Gradient Fill 1","mn":"ADBE Vector Graphic - G-Fill","hd":false},{"ty":"tr","p":{"a":0,"k":[973.133,484.589],"ix":2},"a":{"a":0,"k":[0,0],"ix":1},"s":{"a":0,"k":[100,100],"ix":3},"r":{"a":0,"k":0,"ix":6},"o":{"a":0,"k":100,"ix":7},"sk":{"a":0,"k":0,"ix":4},"sa":{"a":0,"k":0,"ix":5},"nm":"Transform"}],"nm":"Group 1","np":2,"cix":2,"bm":0,"ix":1,"mn":"ADBE Vector Group","hd":false},{"ty":"gr","it":[{"ind":0,"ty":"sh","ix":1,"ks":{"a":0,"k":{"i":[[18.819,-11.89],[-122.023,-109.078],[-220.388,46.49],[-28.906,167.378],[93.039,-52.893],[-100.338,-114.502],[4.144,-45.088],[24.079,-15.949],[68.11,12.164]],"o":[[7.48,44.79],[24.261,21.688],[172.216,-36.328],[56.43,-326.755],[-62.456,35.506],[21.807,24.885],[-3.978,43.293],[-113.58,75.233],[-4.874,0.048]],"v":[[-461.349,32.419],[-302.905,324.308],[106.104,441.461],[456.217,98.597],[-5.958,-444.077],[23.304,-59.011],[81.016,45.097],[10.48,133.306],[-433.8,24.945]],"c":true},"ix":2},"nm":"Path 1","mn":"ADBE Vector Shape - Group","hd":false},{"ty":"gf","o":{"a":0,"k":100,"ix":10},"r":1,"bm":0,"g":{"p":3,"k":{"a":0,"k":[0.1,0.192,0.098,0.267,0.519,0.365,0.161,0.365,1,0.537,0.224,0.463],"ix":9}},"s":{"a":0,"k":[83.705,1060.738],"ix":5},"e":{"a":0,"k":[177.113,-581.351],"ix":6},"t":1,"nm":"Gradient Fill 1","mn":"ADBE Vector Graphic - G-Fill","hd":false},{"ty":"tr","p":{"a":0,"k":[1418.539,444.865],"ix":2},"a":{"a":0,"k":[0,0],"ix":1},"s":{"a":0,"k":[100,100],"ix":3},"r":{"a":0,"k":0,"ix":6},"o":{"a":0,"k":100,"ix":7},"sk":{"a":0,"k":0,"ix":4},"sa":{"a":0,"k":0,"ix":5},"nm":"Transform"}],"nm":"Group 2","np":2,"cix":2,"bm":0,"ix":2,"mn":"ADBE Vector Group","hd":false}],"ip":0,"op":480,"st":0,"bm":0},{"ddd":0,"ind":3,"ty":4,"nm":"head boy 2","parent":1,"sr":1,"ks":{"o":{"a":0,"k":100,"ix":11},"r":{"a":1,"k":[{"i":{"x":[0.393],"y":[1]},"o":{"x":[0.333],"y":[0]},"t":0,"s":[-16]},{"i":{"x":[0.667],"y":[1]},"o":{"x":[0.333],"y":[0]},"t":21.333,"s":[9]},{"i":{"x":[0.667],"y":[1]},"o":{"x":[0.167],"y":[0]},"t":34,"s":[-3]},{"i":{"x":[0.833],"y":[1]},"o":{"x":[0.167],"y":[0]},"t":49,"s":[0]},{"i":{"x":[0.667],"y":[1]},"o":{"x":[0.167],"y":[0]},"t":103,"s":[0]},{"t":120,"s":[-16]}],"ix":10},"p":{"a":0,"k":[129.139,-64.587,0],"ix":2},"a":{"a":0,"k":[1247.429,-103.979,0],"ix":1},"s":{"a":0,"k":[29.583,29.583,100],"ix":6}},"ao":0,"shapes":[{"ty":"gr","it":[{"ind":0,"ty":"sh","ix":1,"ks":{"a":0,"k":{"i":[[-1.122,0.638],[-12.475,0.334],[0.942,-2.31],[8.666,2.117],[-0.828,6.697]],"o":[[11.722,5.929],[0.606,-0.016],[-3.541,8.686],[-6.153,-1.503],[0.35,-2.827]],"v":[[-17.591,-8.296],[20.046,-3.301],[22.357,-2.179],[-6.6,8.02],[-22.512,-7.178]],"c":true},"ix":2},"nm":"Path 1","mn":"ADBE Vector Shape - Group","hd":false},{"ty":"gf","o":{"a":0,"k":100,"ix":10},"r":1,"bm":0,"g":{"p":3,"k":{"a":0,"k":[0,1,0.769,0.267,0.5,0.976,0.602,0.302,1,0.953,0.435,0.337],"ix":9}},"s":{"a":0,"k":[1225.664,342.921],"ix":5},"e":{"a":0,"k":[1244.957,429.416],"ix":6},"t":1,"nm":"Gradient Fill 1","mn":"ADBE Vector Graphic - G-Fill","hd":false},{"ty":"tr","p":{"a":0,"k":[1193.118,-112.358],"ix":2},"a":{"a":0,"k":[0,0],"ix":1},"s":{"a":0,"k":[100,100],"ix":3},"r":{"a":0,"k":0,"ix":6},"o":{"a":0,"k":100,"ix":7},"sk":{"a":0,"k":0,"ix":4},"sa":{"a":0,"k":0,"ix":5},"nm":"Transform"}],"nm":"Group 1","np":2,"cix":2,"bm":0,"ix":1,"mn":"ADBE Vector Group","hd":false},{"ty":"gr","it":[{"ind":0,"ty":"sh","ix":1,"ks":{"a":0,"k":{"i":[[10.752,-6.813],[1.463,-13.982],[39.19,-6.33],[24.512,1.494],[14.866,-4.667],[-25.934,-16.969],[-28.478,9.49],[-11.35,19.41],[-11.683,21.25],[-7.658,12.346],[-1.423,4.39]],"o":[[-7.43,4.706],[-2.837,27.146],[-23.169,3.742],[-15.176,-0.925],[-8.535,29.454],[27.931,18.276],[19.055,-6.35],[11.826,-20.224],[6.451,-11.734],[2.079,-3.354],[-6.798,-6.021]],"v":[[63.295,-101.823],[68.517,-69.645],[19.867,12.902],[-53.06,-4.639],[-99.745,0.602],[-80.874,92.768],[-7.09,90.743],[43.913,47.464],[75.846,-15.088],[97.745,-53.849],[104.412,-66.953]],"c":true},"ix":2},"nm":"Path 1","mn":"ADBE Vector Shape - Group","hd":false},{"ty":"fl","c":{"a":0,"k":[0.149019613862,0.149019613862,0.309803932905,1],"ix":4},"o":{"a":0,"k":100,"ix":5},"r":1,"bm":0,"nm":"Fill 1","mn":"ADBE Vector Graphic - Fill","hd":false},{"ty":"tr","p":{"a":0,"k":[1243.795,-139.884],"ix":2},"a":{"a":0,"k":[0,0],"ix":1},"s":{"a":0,"k":[100,100],"ix":3},"r":{"a":0,"k":0,"ix":6},"o":{"a":0,"k":100,"ix":7},"sk":{"a":0,"k":0,"ix":4},"sa":{"a":0,"k":0,"ix":5},"nm":"Transform"}],"nm":"Group 2","np":2,"cix":2,"bm":0,"ix":2,"mn":"ADBE Vector Group","hd":false},{"ty":"gr","it":[{"ind":0,"ty":"sh","ix":1,"ks":{"a":0,"k":{"i":[[5.669,-3.786],[62.513,8.995],[-48.843,42.983],[-21.193,-5.373],[-12.554,-4.227],[-10.937,-11.131],[6.773,-18.138],[-7.422,2.645],[-5.312,-7.417],[9.992,-10.187]],"o":[[-32.913,33.04],[-55.97,-8.054],[16.293,-14.339],[12.516,3.173],[11.578,3.899],[13.685,13.927],[5.531,-5.267],[5.233,-1.866],[8.672,12.111],[-4.573,4.663]],"v":[[61.004,37.231],[-49.564,100.451],[-71.68,-88.893],[-9.575,-98.716],[28.75,-83.607],[60.672,-74.275],[60.208,-4.952],[79.335,-20.221],[98.729,-23.845],[80.677,22.904]],"c":true},"ix":2},"nm":"Path 1","mn":"ADBE Vector Shape - Group","hd":false},{"ty":"gf","o":{"a":0,"k":100,"ix":10},"r":1,"bm":0,"g":{"p":3,"k":{"a":0,"k":[0,1,0.769,0.267,0.498,0.976,0.602,0.302,0.996,0.953,0.435,0.337],"ix":9}},"s":{"a":0,"k":[27.784,-22.135],"ix":5},"e":{"a":0,"k":[123.089,42.014],"ix":6},"t":1,"nm":"Gradient Fill 1","mn":"ADBE Vector Graphic - G-Fill","hd":false},{"ty":"tr","p":{"a":0,"k":[1242.776,-158.397],"ix":2},"a":{"a":0,"k":[0,0],"ix":1},"s":{"a":0,"k":[100,100],"ix":3},"r":{"a":0,"k":0,"ix":6},"o":{"a":0,"k":100,"ix":7},"sk":{"a":0,"k":0,"ix":4},"sa":{"a":0,"k":0,"ix":5},"nm":"Transform"}],"nm":"Group 3","np":2,"cix":2,"bm":0,"ix":3,"mn":"ADBE Vector Group","hd":false},{"ty":"gr","it":[{"ind":0,"ty":"sh","ix":1,"ks":{"a":1,"k":[{"i":{"x":0.484,"y":1},"o":{"x":0.333,"y":0},"t":2,"s":[{"i":[[5.644,4.584],[-43.951,29.111],[-25.337,-12.237],[-19.366,-34.955],[10.075,-20.394],[14.138,-16.622],[19.816,-25.762],[8.961,24.138],[12.563,14.853]],"o":[[-46.077,-37.435],[21.313,-14.117],[34.024,16.434],[14.605,26.36],[-11.398,23.072],[-19.606,23.048],[-5.286,-18.75],[-3.445,-9.284],[-7.982,-9.439]],"v":[[-88.986,34.274],[-104.97,-171.2],[-17.399,-105.96],[127.163,-38.476],[106.852,65.176],[79.545,97.214],[13.856,173.141],[0.8,130.214],[-41.388,67.322]],"c":true}]},{"i":{"x":0.318,"y":1},"o":{"x":0.333,"y":0},"t":23,"s":[{"i":[[5.644,4.585],[-50.876,13.811],[-25.337,-12.237],[-19.366,-34.955],[10.075,-20.394],[14.138,-16.622],[19.816,-25.762],[8.961,24.138],[12.563,14.853]],"o":[[-46.077,-37.435],[34.502,-9.366],[34.024,16.434],[14.605,26.36],[-11.398,23.072],[-19.606,23.048],[-5.286,-18.75],[-3.445,-9.284],[-7.982,-9.439]],"v":[[-88.986,34.274],[-68.022,-170.204],[-17.399,-105.96],[127.163,-38.476],[106.852,65.176],[79.545,97.214],[13.856,173.141],[0.8,130.214],[-41.388,67.322]],"c":true}]},{"i":{"x":0.24,"y":1},"o":{"x":0.333,"y":0},"t":35,"s":[{"i":[[5.644,4.584],[-43.951,29.111],[-25.337,-12.237],[-19.366,-34.955],[10.075,-20.394],[14.138,-16.622],[19.816,-25.762],[8.961,24.138],[12.562,14.853]],"o":[[-46.077,-37.435],[21.313,-14.117],[34.024,16.434],[14.605,26.36],[-11.398,23.072],[-19.606,23.048],[-5.287,-18.75],[-3.445,-9.284],[-7.982,-9.439]],"v":[[-88.986,34.274],[-118.491,-160.214],[-31.766,-100.045],[117.867,-46.082],[106.852,65.176],[79.545,97.214],[13.856,173.141],[0.801,130.214],[-41.388,67.322]],"c":true}]},{"t":50,"s":[{"i":[[5.644,4.584],[-43.951,29.111],[-25.337,-12.237],[-19.366,-34.955],[10.075,-20.394],[14.138,-16.622],[19.817,-25.762],[8.961,24.138],[12.562,14.853]],"o":[[-46.077,-37.435],[21.313,-14.117],[34.024,16.434],[14.605,26.36],[-11.398,23.072],[-19.606,23.048],[-5.286,-18.75],[-3.445,-9.284],[-7.982,-9.439]],"v":[[-88.986,34.274],[-104.97,-171.2],[-17.399,-105.96],[127.163,-38.476],[106.852,65.176],[79.545,97.214],[13.856,173.141],[0.801,130.214],[-41.388,67.322]],"c":true}]}],"ix":2},"nm":"Path 1","mn":"ADBE Vector Shape - Group","hd":false},{"ty":"fl","c":{"a":0,"k":[0.149019613862,0.149019613862,0.309803932905,1],"ix":4},"o":{"a":0,"k":100,"ix":5},"r":1,"bm":0,"nm":"Fill 1","mn":"ADBE Vector Graphic - Fill","hd":false},{"ty":"tr","p":{"a":0,"k":[1245.739,-257.9],"ix":2},"a":{"a":0,"k":[0,0],"ix":1},"s":{"a":0,"k":[100,100],"ix":3},"r":{"a":0,"k":0,"ix":6},"o":{"a":0,"k":100,"ix":7},"sk":{"a":0,"k":0,"ix":4},"sa":{"a":0,"k":0,"ix":5},"nm":"Transform"}],"nm":"Group 4","np":2,"cix":2,"bm":0,"ix":4,"mn":"ADBE Vector Group","hd":false}],"ip":0,"op":480,"st":0,"bm":0},{"ddd":0,"ind":4,"ty":4,"nm":"hand L boy 3","parent":1,"sr":1,"ks":{"o":{"a":0,"k":100,"ix":11},"r":{"a":0,"k":0,"ix":10},"p":{"a":0,"k":[91.911,164.587,0],"ix":2},"a":{"a":0,"k":[1121.588,670.695,0],"ix":1},"s":{"a":0,"k":[29.583,29.583,100],"ix":6}},"ao":0,"shapes":[{"ty":"gr","it":[{"ind":0,"ty":"sh","ix":1,"ks":{"a":0,"k":{"i":[[4.912,-10.965],[-13.214,2.081],[-13.687,7.181],[-1.264,9.97],[17.913,1.078],[24.361,-12.764]],"o":[[6.079,13.009],[22.154,-3.49],[12.226,-6.415],[2.394,-18.88],[-25.113,-1.512],[-5.731,11.099]],"v":[[-69.634,14.592],[-22.43,37.98],[28.504,11.5],[69.501,-14.037],[23.355,-38.033],[-52.497,-18.394]],"c":true},"ix":2},"nm":"Path 1","mn":"ADBE Vector Shape - Group","hd":false},{"ty":"gf","o":{"a":0,"k":100,"ix":10},"r":1,"bm":0,"g":{"p":3,"k":{"a":0,"k":[0,1,0.769,0.267,0.498,0.976,0.602,0.302,0.996,0.953,0.435,0.337],"ix":9}},"s":{"a":0,"k":[7057.75,9142.064],"ix":5},"e":{"a":0,"k":[7118.619,9285.464],"ix":6},"t":1,"nm":"Gradient Fill 1","mn":"ADBE Vector Graphic - G-Fill","hd":false},{"ty":"tr","p":{"a":0,"k":[1482.257,534.251],"ix":2},"a":{"a":0,"k":[0,0],"ix":1},"s":{"a":0,"k":[100,100],"ix":3},"r":{"a":0,"k":0,"ix":6},"o":{"a":0,"k":100,"ix":7},"sk":{"a":0,"k":0,"ix":4},"sa":{"a":0,"k":0,"ix":5},"nm":"Transform"}],"nm":"Group 1","np":2,"cix":2,"bm":0,"ix":1,"mn":"ADBE Vector Group","hd":false},{"ty":"gr","it":[{"ind":0,"ty":"sh","ix":1,"ks":{"a":0,"k":{"i":[[135.731,1.239],[22.024,-24.889],[-69.747,-104.884],[-89.887,36.26],[-85.486,149.377],[-3.761,8.025],[50.141,-1.775]],"o":[[-44.785,-0.409],[-5.854,6.615],[66.518,100.027],[49.959,-20.153],[7.682,-13.424],[-200.917,-18.036],[-32.166,1.139]],"v":[[-178.016,-169.966],[-311.325,-123.822],[-344.052,125.872],[68.388,109.483],[352.101,-122.201],[369.237,-155.187],[22.213,-173.814]],"c":true},"ix":2},"nm":"Path 1","mn":"ADBE Vector Shape - Group","hd":false},{"ty":"gf","o":{"a":0,"k":100,"ix":10},"r":1,"bm":0,"g":{"p":3,"k":{"a":0,"k":[0,0.192,0.098,0.267,0.5,0.365,0.161,0.365,1,0.537,0.224,0.463],"ix":9}},"s":{"a":0,"k":[468.179,247.317],"ix":5},"e":{"a":0,"k":[-198.615,-402.073],"ix":6},"t":1,"nm":"Gradient Fill 1","mn":"ADBE Vector Graphic - G-Fill","hd":false},{"ty":"tr","p":{"a":0,"k":[1060.523,671.044],"ix":2},"a":{"a":0,"k":[0,0],"ix":1},"s":{"a":0,"k":[100,100],"ix":3},"r":{"a":0,"k":0,"ix":6},"o":{"a":0,"k":100,"ix":7},"sk":{"a":0,"k":0,"ix":4},"sa":{"a":0,"k":0,"ix":5},"nm":"Transform"}],"nm":"Group 2","np":2,"cix":2,"bm":0,"ix":2,"mn":"ADBE Vector Group","hd":false}],"ip":0,"op":480,"st":0,"bm":0},{"ddd":0,"ind":5,"ty":4,"nm":"neck boy 2","parent":1,"sr":1,"ks":{"o":{"a":0,"k":100,"ix":11},"r":{"a":0,"k":0,"ix":10},"p":{"a":0,"k":[134.489,-64.581,0],"ix":2},"a":{"a":0,"k":[765.512,-603.958,0],"ix":1},"s":{"a":0,"k":[29.583,29.583,100],"ix":6}},"ao":0,"hasMask":true,"masksProperties":[{"inv":false,"mode":"a","pt":{"a":0,"k":{"i":[[0,0],[0,0],[0,0],[0,0]],"o":[[0,0],[0,0],[0,0],[0,0]],"v":[[1382.663,1449.856],[119.572,1449.856],[119.572,-1042.538],[1382.663,-1042.538]],"c":true},"ix":1},"o":{"a":0,"k":100,"ix":3},"x":{"a":0,"k":0,"ix":4},"nm":"Mask 1"}],"shapes":[{"ty":"gr","it":[{"ty":"gr","it":[{"ind":0,"ty":"sh","ix":1,"ks":{"a":0,"k":{"i":[[-27.33,30.45],[-8.741,-46.924],[32.429,20.599],[-26.766,29.751]],"o":[[1.08,52.679],[8.741,46.924],[-29.78,-18.916],[26.768,-29.75]],"v":[[802.551,-713.095],[832.749,-538.344],[712.661,-506.079],[729.215,-610.144]],"c":true},"ix":2},"nm":"Path 1","mn":"ADBE Vector Shape - Group","hd":false},{"ty":"gf","o":{"a":0,"k":100,"ix":10},"r":1,"bm":0,"g":{"p":3,"k":{"a":0,"k":[0,1,0.769,0.267,0.498,0.976,0.602,0.302,0.996,0.953,0.435,0.337],"ix":9}},"s":{"a":0,"k":[802.14,-528.592],"ix":5},"e":{"a":0,"k":[796.721,-652.024],"ix":6},"t":1,"nm":"Gradient Fill 1","mn":"ADBE Vector Graphic - G-Fill","hd":false},{"ty":"tr","p":{"a":0,"k":[0,0],"ix":2},"a":{"a":0,"k":[0,0],"ix":1},"s":{"a":0,"k":[100,100],"ix":3},"r":{"a":0,"k":0,"ix":6},"o":{"a":0,"k":100,"ix":7},"sk":{"a":0,"k":0,"ix":4},"sa":{"a":0,"k":0,"ix":5},"nm":"Transform"}],"nm":"Group 1","np":2,"cix":2,"bm":0,"ix":1,"mn":"ADBE Vector Group","hd":false},{"ty":"tr","p":{"a":0,"k":[0,0],"ix":2},"a":{"a":0,"k":[0,0],"ix":1},"s":{"a":0,"k":[100,100],"ix":3},"r":{"a":0,"k":0,"ix":6},"o":{"a":0,"k":100,"ix":7},"sk":{"a":0,"k":0,"ix":4},"sa":{"a":0,"k":0,"ix":5},"nm":"Transform"}],"nm":"Group 2","np":1,"cix":2,"bm":0,"ix":1,"mn":"ADBE Vector Group","hd":false}],"ip":0,"op":480,"st":0,"bm":0},{"ddd":0,"ind":6,"ty":4,"nm":"body boy 2","parent":1,"sr":1,"ks":{"o":{"a":0,"k":100,"ix":11},"r":{"a":0,"k":0,"ix":10},"p":{"a":0,"k":[137.22,158.407,0],"ix":2},"a":{"a":0,"k":[774.745,149.805,0],"ix":1},"s":{"a":0,"k":[29.583,29.583,100],"ix":6}},"ao":0,"hasMask":true,"masksProperties":[{"inv":false,"mode":"a","pt":{"a":0,"k":{"i":[[0,0],[0,0],[0,0],[0,0]],"o":[[0,0],[0,0],[0,0],[0,0]],"v":[[1382.663,1449.856],[119.572,1449.856],[119.572,-1042.538],[1382.663,-1042.538]],"c":true},"ix":1},"o":{"a":0,"k":100,"ix":3},"x":{"a":0,"k":0,"ix":4},"nm":"Mask 1"}],"shapes":[{"ty":"gr","it":[{"ty":"gr","it":[{"ind":0,"ty":"sh","ix":1,"ks":{"a":0,"k":{"i":[[164.259,170.859],[4.319,54.891],[13.312,114.669],[82.655,155.577],[-29.897,118.694],[-16.119,22.461],[9.482,-7.027],[36.292,-84.918],[-12.605,-154.3],[78.54,-166.564],[-1.86,-11.136],[3.88,63.092],[7.665,46.959]],"o":[[-22.946,-23.867],[-11.105,-141.128],[-10.348,-89.134],[-14.191,-26.711],[11.941,-47.403],[-9.128,7.007],[-48.464,62.586],[-54.677,127.933],[13.828,169.263],[-1.37,2.901],[28.505,170.704],[-2.323,-37.774],[-28.058,8.983]],"v":[[634.216,534.613],[570.47,417.907],[762.435,98.122],[536.006,-131.036],[499.632,-378.041],[549.04,-483.478],[521.588,-462.232],[418.747,-319.048],[426.598,104.816],[368.027,756.495],[366.193,764.269],[1183.974,719.409],[1168.544,591.556]],"c":true},"ix":2},"nm":"Path 1","mn":"ADBE Vector Shape - Group","hd":false},{"ty":"gf","o":{"a":0,"k":100,"ix":10},"r":1,"bm":0,"g":{"p":3,"k":{"a":0,"k":[0,0.192,0.098,0.267,0.5,0.365,0.161,0.365,1,0.537,0.224,0.463],"ix":9}},"s":{"a":0,"k":[884,1035],"ix":5},"e":{"a":0,"k":[418.365,-386.2],"ix":6},"t":1,"nm":"Gradient Fill 1","mn":"ADBE Vector Graphic - G-Fill","hd":false},{"ty":"tr","p":{"a":0,"k":[0,0],"ix":2},"a":{"a":0,"k":[0,0],"ix":1},"s":{"a":0,"k":[100,100],"ix":3},"r":{"a":0,"k":0,"ix":6},"o":{"a":0,"k":30,"ix":7},"sk":{"a":0,"k":0,"ix":4},"sa":{"a":0,"k":0,"ix":5},"nm":"Transform"}],"nm":"Group 1","np":2,"cix":2,"bm":1,"ix":1,"mn":"ADBE Vector Group","hd":false},{"ty":"gr","it":[{"ind":0,"ty":"sh","ix":1,"ks":{"a":0,"k":{"i":[[24.514,-18.17],[36.292,-84.918],[-12.606,-154.3],[78.54,-166.564],[-1.859,-11.137],[3.88,63.092],[-41.296,229.195],[18.702,4.415],[74.603,-13.282],[19.714,-8.517]],"o":[[-48.465,62.586],[-54.677,127.933],[13.828,169.263],[-1.369,2.901],[28.505,170.704],[-19.264,-313.307],[-22.983,0.525],[-80.245,-18.945],[-27.291,4.859],[-32.026,13.836]],"v":[[521.589,-462.232],[418.747,-319.048],[426.598,104.816],[368.027,756.495],[366.193,764.269],[1183.974,719.409],[973.656,-501.435],[885.553,-527.447],[658.912,-533.919],[598.354,-513.664]],"c":true},"ix":2},"nm":"Path 1","mn":"ADBE Vector Shape - Group","hd":false},{"ty":"gf","o":{"a":0,"k":100,"ix":10},"r":1,"bm":0,"g":{"p":3,"k":{"a":0,"k":[0,0.192,0.098,0.267,0.5,0.365,0.161,0.365,1,0.537,0.224,0.463],"ix":9}},"s":{"a":0,"k":[1084.569,972.435],"ix":5},"e":{"a":0,"k":[649.318,-474.927],"ix":6},"t":1,"nm":"Gradient Fill 1","mn":"ADBE Vector Graphic - G-Fill","hd":false},{"ty":"tr","p":{"a":0,"k":[0,0],"ix":2},"a":{"a":0,"k":[0,0],"ix":1},"s":{"a":0,"k":[100,100],"ix":3},"r":{"a":0,"k":0,"ix":6},"o":{"a":0,"k":100,"ix":7},"sk":{"a":0,"k":0,"ix":4},"sa":{"a":0,"k":0,"ix":5},"nm":"Transform"}],"nm":"Group 3","np":2,"cix":2,"bm":0,"ix":2,"mn":"ADBE Vector Group","hd":false},{"ty":"tr","p":{"a":0,"k":[774.745,149.805],"ix":2},"a":{"a":0,"k":[774.745,149.805],"ix":1},"s":{"a":0,"k":[100,100],"ix":3},"r":{"a":0,"k":0,"ix":6},"o":{"a":0,"k":100,"ix":7},"sk":{"a":0,"k":0,"ix":4},"sa":{"a":0,"k":0,"ix":5},"nm":"Transform"}],"nm":"Group 11","np":2,"cix":2,"bm":0,"ix":1,"mn":"ADBE Vector Group","hd":false}],"ip":0,"op":480,"st":0,"bm":0},{"ddd":0,"ind":7,"ty":4,"nm":"hand L boy 2","parent":1,"sr":1,"ks":{"o":{"a":0,"k":100,"ix":11},"r":{"a":0,"k":0,"ix":10},"p":{"a":0,"k":[16.358,89.437,0],"ix":2},"a":{"a":0,"k":[366.195,-83.333,0],"ix":1},"s":{"a":0,"k":[29.583,29.583,100],"ix":6}},"ao":0,"hasMask":true,"masksProperties":[{"inv":false,"mode":"a","pt":{"a":0,"k":{"i":[[0,0],[0,0],[0,0],[0,0]],"o":[[0,0],[0,0],[0,0],[0,0]],"v":[[1382.663,1449.856],[119.572,1449.856],[119.572,-1042.538],[1382.663,-1042.538]],"c":true},"ix":1},"o":{"a":0,"k":100,"ix":3},"x":{"a":0,"k":0,"ix":4},"nm":"Mask 1"}],"shapes":[{"ty":"gr","it":[{"ind":0,"ty":"sh","ix":1,"ks":{"a":0,"k":{"i":[[-71.943,131.086],[47.489,-49.695],[-130.144,-127.366],[-62.026,93.56],[15.101,119.909]],"o":[[-72.982,25.361],[-109.526,114.612],[88.541,86.652],[45.622,-68.815],[-16.249,-129.027]],"v":[[582.391,-500.442],[370.942,-334.565],[192.676,287.127],[490.816,236.245],[489.56,-12.107]],"c":true},"ix":2},"nm":"Path 1","mn":"ADBE Vector Shape - Group","hd":false},{"ty":"gf","o":{"a":0,"k":100,"ix":10},"r":1,"bm":0,"g":{"p":3,"k":{"a":0,"k":[0,0.192,0.098,0.267,0.5,0.365,0.161,0.365,1,0.537,0.224,0.463],"ix":9}},"s":{"a":0,"k":[1086.536,403.059],"ix":5},"e":{"a":0,"k":[402.477,-263.144],"ix":6},"t":1,"nm":"Gradient Fill 1","mn":"ADBE Vector Graphic - G-Fill","hd":false},{"ty":"tr","p":{"a":0,"k":[0,0],"ix":2},"a":{"a":0,"k":[0,0],"ix":1},"s":{"a":0,"k":[100,100],"ix":3},"r":{"a":0,"k":0,"ix":6},"o":{"a":0,"k":100,"ix":7},"sk":{"a":0,"k":0,"ix":4},"sa":{"a":0,"k":0,"ix":5},"nm":"Transform"}],"nm":"Group 5","np":2,"cix":2,"bm":0,"ix":1,"mn":"ADBE Vector Group","hd":false}],"ip":0,"op":480,"st":0,"bm":0},{"ddd":0,"ind":8,"ty":4,"nm":"leg boy 2","parent":1,"sr":1,"ks":{"o":{"a":0,"k":100,"ix":11},"r":{"a":0,"k":0,"ix":10},"p":{"a":0,"k":[-91.975,114.09,0],"ix":2},"a":{"a":0,"k":[0,0,0],"ix":1},"s":{"a":0,"k":[29.583,29.583,100],"ix":6}},"ao":0,"hasMask":true,"masksProperties":[{"inv":false,"mode":"a","pt":{"a":0,"k":{"i":[[0,0],[0,0],[0,0],[0,0]],"o":[[0,0],[0,0],[0,0],[0,0]],"v":[[1382.663,1449.856],[119.572,1449.856],[119.572,-1042.538],[1382.663,-1042.538]],"c":true},"ix":1},"o":{"a":0,"k":100,"ix":3},"x":{"a":0,"k":0,"ix":4},"nm":"Mask 1"}],"shapes":[{"ty":"gr","it":[{"ind":0,"ty":"sh","ix":1,"ks":{"a":0,"k":{"i":[[0,0],[-0.526,51.097],[-43.929,166.107],[57.589,121.081],[42.34,-9.106],[19.869,-104.638],[11.436,-148.158],[-25.29,-67.14]],"o":[[-11.581,-40.772],[1.64,-159.075],[29.306,-110.808],[-40.66,2.892],[32.034,103.156],[-27.435,144.491],[-5.96,77.205],[0,0]],"v":[[1095.948,1558.077],[1075.437,1429.742],[1188.159,1060.639],[1155.556,627.356],[1027.976,656.817],[1048.113,973.585],[907.644,1352.475],[950.313,1558.077]],"c":true},"ix":2},"nm":"Path 1","mn":"ADBE Vector Shape - Group","hd":false},{"ty":"gf","o":{"a":0,"k":100,"ix":10},"r":1,"bm":0,"g":{"p":3,"k":{"a":0,"k":[0,0.667,0.502,0.976,0.498,0.524,0.449,0.91,0.996,0.38,0.396,0.843],"ix":9}},"s":{"a":0,"k":[804.898,1703.649],"ix":5},"e":{"a":0,"k":[1536.443,610.532],"ix":6},"t":1,"nm":"Gradient Fill 1","mn":"ADBE Vector Graphic - G-Fill","hd":false},{"ty":"tr","p":{"a":0,"k":[0,0],"ix":2},"a":{"a":0,"k":[0,0],"ix":1},"s":{"a":0,"k":[100,100],"ix":3},"r":{"a":0,"k":0,"ix":6},"o":{"a":0,"k":30,"ix":7},"sk":{"a":0,"k":0,"ix":4},"sa":{"a":0,"k":0,"ix":5},"nm":"Transform"}],"nm":"Group 4","np":2,"cix":2,"bm":1,"ix":1,"mn":"ADBE Vector Group","hd":false},{"ty":"gr","it":[{"ind":0,"ty":"sh","ix":1,"ks":{"a":0,"k":{"i":[[0,0],[-0.552,51.139],[-43.827,166.453],[57.272,123.061],[145.923,-34.677],[-26.894,-274.172]],"o":[[-11.589,-40.752],[1.721,-159.219],[29.236,-111.039],[-144.816,30.573],[-3.91,278.018],[0,0]],"v":[[1095.909,1558.077],[1075.437,1429.732],[1188.099,1060.56],[1155.794,626.417],[717.227,737.032],[751.791,1558.077]],"c":true},"ix":2},"nm":"Path 1","mn":"ADBE Vector Shape - Group","hd":false},{"ty":"gf","o":{"a":0,"k":100,"ix":10},"r":1,"bm":0,"g":{"p":3,"k":{"a":0,"k":[0,0.667,0.502,0.976,0.498,0.524,0.449,0.91,0.996,0.38,0.396,0.843],"ix":9}},"s":{"a":0,"k":[715.351,1647.775],"ix":5},"e":{"a":0,"k":[1448.415,552.39],"ix":6},"t":1,"nm":"Gradient Fill 1","mn":"ADBE Vector Graphic - G-Fill","hd":false},{"ty":"tr","p":{"a":0,"k":[0,0],"ix":2},"a":{"a":0,"k":[0,0],"ix":1},"s":{"a":0,"k":[100,100],"ix":3},"r":{"a":0,"k":0,"ix":6},"o":{"a":0,"k":100,"ix":7},"sk":{"a":0,"k":0,"ix":4},"sa":{"a":0,"k":0,"ix":5},"nm":"Transform"}],"nm":"Group 6","np":2,"cix":2,"bm":0,"ix":2,"mn":"ADBE Vector Group","hd":false},{"ty":"gr","it":[{"ind":0,"ty":"sh","ix":1,"ks":{"a":0,"k":{"i":[[0,0],[19.005,3.561],[5.294,1.002],[-1.304,-4.543]],"o":[[-19.044,-3.365],[-5.296,-0.992],[1.241,4.378],[0,0]],"v":[[528.637,1558.077],[471.563,1547.679],[455.679,1544.684],[459.505,1558.077]],"c":true},"ix":2},"nm":"Path 1","mn":"ADBE Vector Shape - Group","hd":false},{"ty":"gf","o":{"a":0,"k":100,"ix":10},"r":1,"bm":0,"g":{"p":3,"k":{"a":0,"k":[0,0.667,0.502,0.976,0.498,0.524,0.449,0.91,0.996,0.38,0.396,0.843],"ix":9}},"s":{"a":0,"k":[373.701,2487.813],"ix":5},"e":{"a":0,"k":[901.564,774.544],"ix":6},"t":1,"nm":"Gradient Fill 1","mn":"ADBE Vector Graphic - G-Fill","hd":false},{"ty":"tr","p":{"a":0,"k":[0,0],"ix":2},"a":{"a":0,"k":[0,0],"ix":1},"s":{"a":0,"k":[100,100],"ix":3},"r":{"a":0,"k":0,"ix":6},"o":{"a":0,"k":30,"ix":7},"sk":{"a":0,"k":0,"ix":4},"sa":{"a":0,"k":0,"ix":5},"nm":"Transform"}],"nm":"Group 7","np":2,"cix":2,"bm":1,"ix":3,"mn":"ADBE Vector Group","hd":false},{"ty":"gr","it":[{"ind":0,"ty":"sh","ix":1,"ks":{"a":0,"k":{"i":[[-12.509,-17.045],[-28.511,-172.624],[-5.069,-18.31],[-45.149,-7.358],[0,0],[-0.172,2.179],[-68.518,141.634],[76.364,92.255],[118.078,-21.219],[28.399,-78.39]],"o":[[48.553,66.165],[2.303,13.944],[44.944,8.544],[0,0],[0.118,-2.131],[12.145,-153.8],[46.898,-96.943],[-96.117,-116.118],[-39.833,74.24],[31.415,-21.281]],"v":[[547.401,904.433],[441.127,1485.196],[452.675,1533.973],[587.774,1558.077],[606.731,1558.077],[607.152,1551.625],[819.107,1116.21],[897.363,704.09],[503.556,669.429],[395.146,890.248]],"c":true},"ix":2},"nm":"Path 1","mn":"ADBE Vector Shape - Group","hd":false},{"ty":"gf","o":{"a":0,"k":100,"ix":10},"r":1,"bm":0,"g":{"p":3,"k":{"a":0,"k":[0,0.667,0.502,0.976,0.498,0.524,0.449,0.91,0.996,0.38,0.396,0.843],"ix":9}},"s":{"a":0,"k":[301.887,2462.553],"ix":5},"e":{"a":0,"k":[829.678,749.518],"ix":6},"t":1,"nm":"Gradient Fill 1","mn":"ADBE Vector Graphic - G-Fill","hd":false},{"ty":"tr","p":{"a":0,"k":[0,0],"ix":2},"a":{"a":0,"k":[0,0],"ix":1},"s":{"a":0,"k":[100,100],"ix":3},"r":{"a":0,"k":0,"ix":6},"o":{"a":0,"k":30,"ix":7},"sk":{"a":0,"k":0,"ix":4},"sa":{"a":0,"k":0,"ix":5},"nm":"Transform"}],"nm":"Group 8","np":2,"cix":2,"bm":1,"ix":4,"mn":"ADBE Vector Group","hd":false},{"ty":"gr","it":[{"ind":0,"ty":"sh","ix":1,"ks":{"a":0,"k":{"i":[[0,0],[19.006,3.561],[68.667,13.112],[-0.652,-16.841]],"o":[[-19.045,-3.365],[-68.714,-12.875],[0.058,16.531],[0,0]],"v":[[528.64,1558.077],[471.563,1547.679],[265.628,1507.977],[266.711,1558.077]],"c":true},"ix":2},"nm":"Path 1","mn":"ADBE Vector Shape - Group","hd":false},{"ty":"gf","o":{"a":0,"k":100,"ix":10},"r":1,"bm":0,"g":{"p":3,"k":{"a":0,"k":[0,0.667,0.502,0.976,0.498,0.524,0.449,0.91,0.996,0.38,0.396,0.843],"ix":9}},"s":{"a":0,"k":[277.315,2474.728],"ix":5},"e":{"a":0,"k":[807.355,754.393],"ix":6},"t":1,"nm":"Gradient Fill 1","mn":"ADBE Vector Graphic - G-Fill","hd":false},{"ty":"tr","p":{"a":0,"k":[0,0],"ix":2},"a":{"a":0,"k":[0,0],"ix":1},"s":{"a":0,"k":[100,100],"ix":3},"r":{"a":0,"k":0,"ix":6},"o":{"a":0,"k":100,"ix":7},"sk":{"a":0,"k":0,"ix":4},"sa":{"a":0,"k":0,"ix":5},"nm":"Transform"}],"nm":"Group 9","np":2,"cix":2,"bm":0,"ix":5,"mn":"ADBE Vector Group","hd":false},{"ty":"gr","it":[{"ind":0,"ty":"sh","ix":1,"ks":{"a":0,"k":{"i":[[-83.763,-13.651],[0,0],[-0.16,2.179],[-68.484,141.297],[76.044,91.153],[115.792,-30.409],[26.945,-222.966],[0.177,-39.968],[-23.935,-4.666]],"o":[[0,0],[0.108,-2.131],[11.301,-153.651],[46.873,-96.712],[-95.712,-114.732],[-135.095,198.101],[-4.383,36.266],[23.956,4.556],[83.294,16.238]],"v":[[587.801,1558.077],[607.108,1558.077],[607.498,1551.625],[819.21,1116.295],[897.491,704.389],[504.566,673.712],[272.247,1382.826],[265.635,1497.775],[337.469,1511.63]],"c":true},"ix":2},"nm":"Path 1","mn":"ADBE Vector Shape - Group","hd":false},{"ty":"gf","o":{"a":0,"k":100,"ix":10},"r":1,"bm":0,"g":{"p":3,"k":{"a":0,"k":[0,0.667,0.502,0.976,0.498,0.524,0.449,0.91,0.996,0.38,0.396,0.843],"ix":9}},"s":{"a":0,"k":[296.198,2473.872],"ix":5},"e":{"a":0,"k":[826.169,753.762],"ix":6},"t":1,"nm":"Gradient Fill 1","mn":"ADBE Vector Graphic - G-Fill","hd":false},{"ty":"tr","p":{"a":0,"k":[0,0],"ix":2},"a":{"a":0,"k":[0,0],"ix":1},"s":{"a":0,"k":[100,100],"ix":3},"r":{"a":0,"k":0,"ix":6},"o":{"a":0,"k":100,"ix":7},"sk":{"a":0,"k":0,"ix":4},"sa":{"a":0,"k":0,"ix":5},"nm":"Transform"}],"nm":"Group 10","np":2,"cix":2,"bm":0,"ix":6,"mn":"ADBE Vector Group","hd":false}],"ip":0,"op":480,"st":0,"bm":0},{"ddd":0,"ind":9,"ty":4,"nm":"shield","sr":1,"ks":{"o":{"a":0,"k":100,"ix":11},"r":{"a":0,"k":0,"ix":10},"p":{"a":1,"k":[{"i":{"x":0.336,"y":1},"o":{"x":0.333,"y":0},"t":0,"s":[872.496,2076.698,0],"to":[0,-12.167,0],"ti":[0,-14.667,0]},{"i":{"x":0.336,"y":1},"o":{"x":0.333,"y":0},"t":10,"s":[872.496,2003.698,0],"to":[0,14.667,0],"ti":[0,-7.5,0]},{"i":{"x":0.417,"y":1},"o":{"x":0.333,"y":0},"t":18,"s":[872.496,2164.698,0],"to":[0,7.5,0],"ti":[0,6.667,0]},{"i":{"x":0.457,"y":1},"o":{"x":0.333,"y":0},"t":25.571,"s":[872.496,2048.698,0],"to":[0,-6.667,0],"ti":[0,-2.667,0]},{"i":{"x":0.478,"y":1},"o":{"x":0.333,"y":0},"t":36.571,"s":[872.496,2124.698,0],"to":[0,2.667,0],"ti":[0,0,0]},{"i":{"x":0.478,"y":1},"o":{"x":0.333,"y":0},"t":51.571,"s":[872.496,2064.698,0],"to":[0,0,0],"ti":[0,-2,0]},{"i":{"x":0.495,"y":1},"o":{"x":0.333,"y":0},"t":66.571,"s":[872.496,2124.698,0],"to":[0,2,0],"ti":[0,8,0]},{"t":86.5712890625,"s":[872.496,2076.698,0]}],"ix":2},"a":{"a":0,"k":[872.496,2076.698,0],"ix":1},"s":{"a":0,"k":[100,100,100],"ix":6}},"ao":0,"shapes":[{"ty":"gr","it":[{"ty":"gr","it":[{"ind":0,"ty":"sh","ix":1,"ks":{"a":0,"k":{"i":[[0,466.224],[38.746,125.393],[0,0],[-10.046,-115.169],[63.436,-165.581],[-12.548,-225.777],[-37.301,-73.764],[-2.676,-0.89]],"o":[[0,-142.573],[0,0],[51.439,98.834],[11.834,135.665],[-24.336,63.521],[8.742,157.289],[2.667,0.926],[330.356,-145.423]],"v":[[333.595,-240.755],[273.471,-645.283],[-232.882,-774.947],[-125.78,-461.352],[-243.684,-75.575],[-332.219,419.334],[-236.47,772.172],[-228.473,774.947]],"c":true},"ix":2},"nm":"Path 1","mn":"ADBE Vector Shape - Group","hd":false},{"ty":"gf","o":{"a":0,"k":100,"ix":10},"r":1,"bm":0,"g":{"p":3,"k":{"a":0,"k":[0,1,0.565,0.522,0.5,0.992,0.5,0.627,1,0.984,0.435,0.733],"ix":9}},"s":{"a":0,"k":[-334.098,-0.777],"ix":5},"e":{"a":0,"k":[333.093,-0.777],"ix":6},"t":1,"nm":"Gradient Fill 1","mn":"ADBE Vector Graphic - G-Fill","hd":false},{"ty":"tr","p":{"a":0,"k":[1133.098,2078.777],"ix":2},"a":{"a":0,"k":[0,0],"ix":1},"s":{"a":0,"k":[100,100],"ix":3},"r":{"a":0,"k":0,"ix":6},"o":{"a":0,"k":30,"ix":7},"sk":{"a":0,"k":0,"ix":4},"sa":{"a":0,"k":0,"ix":5},"nm":"Transform"}],"nm":"Group 1","np":2,"cix":2,"bm":1,"ix":1,"mn":"ADBE Vector Group","hd":false},{"ty":"gr","it":[{"ind":0,"ty":"sh","ix":1,"ks":{"a":0,"k":{"i":[[0,0],[0,-139.087],[-325.944,-110.758],[0,420.85],[36.824,119.671],[0,0]],"o":[[-42.332,125.147],[0,453.674],[311.845,-137.101],[0,-129.006],[0,0],[0,0]],"v":[[-477.39,-639.402],[-541.275,-240.954],[21.054,720.113],[542.697,-223.5],[487.282,-597.99],[1.219,-720.562]],"c":true},"ix":2},"nm":"Path 1","mn":"ADBE Vector Shape - Group","hd":false},{"ind":1,"ty":"sh","ix":2,"ks":{"a":0,"k":{"i":[[0,0],[0,0],[103.325,170.736],[0,229.31],[-43.311,126.947],[0,0],[0,0],[0,0],[0,0],[0,0],[0,-130.815],[95.565,-171.898],[153.743,-67.18]],"o":[[0,0],[-157.168,-52.763],[-108.158,-178.724],[0,-141.205],[0,0],[0,0],[0,0],[0,0],[0,0],[37.594,121.311],[0,212.442],[-93.863,168.834],[0,0]],"v":[[21.054,730.275],[19.387,729.713],[-385.423,383.648],[-551.391,-241.117],[-486.024,-645.514],[-485.127,-648.145],[1.14,-730.275],[2.1,-730.031],[494.014,-605.656],[494.813,-603.078],[551.391,-223.36],[405.838,363.189],[22.722,729.545]],"c":true},"ix":2},"nm":"Path 2","mn":"ADBE Vector Shape - Group","hd":false},{"ty":"gf","o":{"a":0,"k":100,"ix":10},"r":1,"bm":0,"g":{"p":3,"k":{"a":0,"k":[0,1,0.565,0.522,0.5,0.992,0.5,0.627,1,0.984,0.435,0.733],"ix":9}},"s":{"a":0,"k":[165.43,704.198],"ix":5},"e":{"a":0,"k":[-86.903,-719.222],"ix":6},"t":1,"nm":"Gradient Fill 1","mn":"ADBE Vector Graphic - G-Fill","hd":false},{"ty":"tr","p":{"a":0,"k":[883.57,2076.802],"ix":2},"a":{"a":0,"k":[0,0],"ix":1},"s":{"a":0,"k":[100,100],"ix":3},"r":{"a":0,"k":0,"ix":6},"o":{"a":0,"k":30,"ix":7},"sk":{"a":0,"k":0,"ix":4},"sa":{"a":0,"k":0,"ix":5},"nm":"Transform"}],"nm":"Group 2","np":3,"cix":2,"bm":1,"ix":2,"mn":"ADBE Vector Group","hd":false},{"ty":"gr","it":[{"ty":"gr","it":[{"ind":0,"ty":"sh","ix":1,"ks":{"a":0,"k":{"i":[[2.235,0.078],[62.434,-59.251],[0,-93.449],[-64.982,-65.24],[-88.417,1.038],[-0.021,0],[0,179.341],[176.332,9.771]],"o":[[-85.245,-2.97],[-65.843,62.484],[0,92.729],[64.273,64.528],[0.021,0],[176.238,-2.104],[0,-179.432],[-2.24,-0.124]],"v":[[4.68,-336.038],[-224.152,-249.227],[-326.508,-7.177],[-225.491,238.038],[11.522,336.245],[11.573,336.244],[328.045,7.221],[11.407,-335.735]],"c":true},"ix":2},"nm":"Path 1","mn":"ADBE Vector Shape - Group","hd":false},{"ind":1,"ty":"sh","ix":2,"ks":{"a":0,"k":{"i":[[0.016,0],[67.584,67.742],[0,97.375],[-69.281,65.636],[-92.234,-5.239],[-62.271,-68.238],[0,-91.179],[61.647,-64.872],[90.591,-1.186]],"o":[[-92.921,1.202],[-68.297,-68.457],[0,-98.198],[67.449,-63.901],[90.557,5.124],[61.611,67.515],[0,91.21],[-62.309,65.568],[-0.018,0]],"v":[[11.522,352.96],[-237.617,250.051],[-343.8,-7.381],[-236.083,-261.71],[11.742,-352.435],[248.486,-238.444],[343.8,7.399],[248.431,249.199],[11.576,352.96]],"c":true},"ix":2},"nm":"Path 2","mn":"ADBE Vector Shape - Group","hd":false},{"ty":"fl","c":{"a":0,"k":[1,1,1,1],"ix":4},"o":{"a":0,"k":100,"ix":5},"r":1,"bm":0,"nm":"Fill 1","mn":"ADBE Vector Graphic - Fill","hd":false},{"ty":"tr","p":{"a":0,"k":[896.432,1910.54],"ix":2},"a":{"a":0,"k":[0,0],"ix":1},"s":{"a":0,"k":[100,100],"ix":3},"r":{"a":0,"k":0,"ix":6},"o":{"a":0,"k":100,"ix":7},"sk":{"a":0,"k":0,"ix":4},"sa":{"a":0,"k":0,"ix":5},"nm":"Transform"}],"nm":"Group 1","np":3,"cix":2,"bm":0,"ix":1,"mn":"ADBE Vector Group","hd":false},{"ty":"gr","it":[{"ind":0,"ty":"sh","ix":1,"ks":{"a":0,"k":{"i":[[-82.238,1.029],[-56.031,49.26],[105.067,1.409],[20.631,-105.248]],"o":[[80.914,-1.012],[-19.018,-101.072],[-107.31,-1.439],[60.322,50.275]],"v":[[4.576,130.302],[214.541,49.625],[4.576,-130.309],[-214.541,51.591]],"c":true},"ix":2},"nm":"Path 1","mn":"ADBE Vector Shape - Group","hd":false},{"ty":"gf","o":{"a":0,"k":100,"ix":10},"r":1,"bm":0,"g":{"p":3,"k":{"a":0,"k":[0,0.667,0.502,0.976,0.498,0.524,0.449,0.91,0.996,0.38,0.396,0.843],"ix":9}},"s":{"a":0,"k":[-224.431,-986.839],"ix":5},"e":{"a":0,"k":[46.484,265.23],"ix":6},"t":1,"nm":"Gradient Fill 1","mn":"ADBE Vector Graphic - G-Fill","hd":false},{"ty":"tr","p":{"a":0,"k":[903.431,2124.839],"ix":2},"a":{"a":0,"k":[0,0],"ix":1},"s":{"a":0,"k":[100,100],"ix":3},"r":{"a":0,"k":0,"ix":6},"o":{"a":0,"k":100,"ix":7},"sk":{"a":0,"k":0,"ix":4},"sa":{"a":0,"k":0,"ix":5},"nm":"Transform"}],"nm":"Group 2","np":2,"cix":2,"bm":0,"ix":2,"mn":"ADBE Vector Group","hd":false},{"ty":"gr","it":[{"ind":0,"ty":"sh","ix":1,"ks":{"a":0,"k":{"i":[[0,-76.848],[75.225,1.389],[0,78.843],[-76.298,-3.418]],"o":[[0,76.848],[-76.298,-1.409],[0,-78.843],[75.225,3.37]],"v":[[137.194,4.342],[1.758,140.986],[-137.194,-4.339],[1.758,-140.872]],"c":true},"ix":2},"nm":"Path 1","mn":"ADBE Vector Shape - Group","hd":false},{"ty":"gf","o":{"a":0,"k":100,"ix":10},"r":1,"bm":0,"g":{"p":3,"k":{"a":0,"k":[0,0.667,0.502,0.976,0.498,0.524,0.449,0.91,0.996,0.38,0.396,0.843],"ix":9}},"s":{"a":0,"k":[-150.34,-691.935],"ix":5},"e":{"a":0,"k":[122.432,568.717],"ix":6},"t":1,"nm":"Gradient Fill 1","mn":"ADBE Vector Graphic - G-Fill","hd":false},{"ty":"tr","p":{"a":0,"k":[906.34,1806.935],"ix":2},"a":{"a":0,"k":[0,0],"ix":1},"s":{"a":0,"k":[100,100],"ix":3},"r":{"a":0,"k":0,"ix":6},"o":{"a":0,"k":100,"ix":7},"sk":{"a":0,"k":0,"ix":4},"sa":{"a":0,"k":0,"ix":5},"nm":"Transform"}],"nm":"Group 3","np":2,"cix":2,"bm":0,"ix":3,"mn":"ADBE Vector Group","hd":false},{"ty":"gr","it":[{"ind":0,"ty":"sh","ix":1,"ks":{"a":0,"k":{"i":[[0,-184.04],[181.76,-2.274],[0,196.734],[-188.579,-10.559]],"o":[[0,184.04],[-188.579,2.359],[0,-196.735],[181.76,10.177]],"v":[[335.538,7.3],[11.186,344.592],[-335.538,-7.289],[11.186,-344.095]],"c":true},"ix":2},"nm":"Path 1","mn":"ADBE Vector Shape - Group","hd":false},{"ty":"fl","c":{"a":0,"k":[0.956862747669,0.96862745285,0.980392158031,1],"ix":4},"o":{"a":0,"k":100,"ix":5},"r":1,"bm":0,"nm":"Fill 1","mn":"ADBE Vector Graphic - Fill","hd":false},{"ty":"tr","p":{"a":0,"k":[896.821,1910.55],"ix":2},"a":{"a":0,"k":[0,0],"ix":1},"s":{"a":0,"k":[100,100],"ix":3},"r":{"a":0,"k":0,"ix":6},"o":{"a":0,"k":100,"ix":7},"sk":{"a":0,"k":0,"ix":4},"sa":{"a":0,"k":0,"ix":5},"nm":"Transform"}],"nm":"Group 4","np":2,"cix":2,"bm":0,"ix":4,"mn":"ADBE Vector Group","hd":false},{"ty":"tr","p":{"a":0,"k":[896.821,1910.55],"ix":2},"a":{"a":0,"k":[896.821,1910.55],"ix":1},"s":{"a":0,"k":[100,100],"ix":3},"r":{"a":0,"k":0,"ix":6},"o":{"a":0,"k":100,"ix":7},"sk":{"a":0,"k":0,"ix":4},"sa":{"a":0,"k":0,"ix":5},"nm":"Transform"}],"nm":"Group 3","np":4,"cix":2,"bm":0,"ix":3,"mn":"ADBE Vector Group","hd":false},{"ty":"tr","p":{"a":0,"k":[896.821,1910.55],"ix":2},"a":{"a":0,"k":[896.821,1910.55],"ix":1},"s":{"a":0,"k":[100,100],"ix":3},"r":{"a":0,"k":0,"ix":6},"o":{"a":0,"k":100,"ix":7},"sk":{"a":0,"k":0,"ix":4},"sa":{"a":0,"k":0,"ix":5},"nm":"Transform"}],"nm":"Group 1","np":3,"cix":2,"bm":0,"ix":1,"mn":"ADBE Vector Group","hd":false},{"ty":"gr","it":[{"ind":0,"ty":"sh","ix":1,"ks":{"a":0,"k":{"i":[[0,0],[0,-154.626],[-346.221,-115.112],[0,466.226],[38.746,125.392],[0,0]],"o":[[-45.021,131.539],[0,505.644],[330.357,-145.423],[0,-142.572],[0,0],[0,0]],"v":[[-515.743,-691.28],[-585.829,-258.808],[23.761,777.11],[585.829,-238.595],[525.706,-643.121],[2.466,-777.11]],"c":true},"ix":2},"nm":"Path 1","mn":"ADBE Vector Shape - Group","hd":false},{"ty":"gf","o":{"a":0,"k":100,"ix":10},"r":1,"bm":0,"g":{"p":3,"k":{"a":0,"k":[0,1,0.565,0.522,0.5,0.992,0.5,0.627,1,0.984,0.435,0.733],"ix":9}},"s":{"a":0,"k":[187.137,810.385],"ix":5},"e":{"a":0,"k":[-79.577,-694.161],"ix":6},"t":1,"nm":"Gradient Fill 1","mn":"ADBE Vector Graphic - G-Fill","hd":false},{"ty":"tr","p":{"a":0,"k":[880.863,2076.615],"ix":2},"a":{"a":0,"k":[0,0],"ix":1},"s":{"a":0,"k":[100,100],"ix":3},"r":{"a":0,"k":0,"ix":6},"o":{"a":0,"k":100,"ix":7},"sk":{"a":0,"k":0,"ix":4},"sa":{"a":0,"k":0,"ix":5},"nm":"Transform"}],"nm":"Group 2","np":2,"cix":2,"bm":0,"ix":2,"mn":"ADBE Vector Group","hd":false},{"ty":"gr","it":[{"ind":0,"ty":"sh","ix":1,"ks":{"a":0,"k":{"i":[[0,0],[0,-154.729],[-346.674,-115.225],[-2.409,1.093],[0,463.151],[38.815,125.485],[0,0],[0,0]],"o":[[-45.069,131.591],[0,505.981],[2.422,-1.065],[326.675,-148.171],[0,-142.662],[0,0],[0,0],[0,0]],"v":[[-513.081,-701.275],[-586.591,-262.253],[23.801,774.418],[39.735,777.028],[586.591,-241.871],[520.27,-631.573],[36.675,-729.669],[18.44,-777.192]],"c":true},"ix":2},"nm":"Path 1","mn":"ADBE Vector Shape - Group","hd":false},{"ty":"fl","c":{"a":0,"k":[0.525490224361,0.187527880073,0.387680321932,1],"ix":4},"o":{"a":0,"k":100,"ix":5},"r":1,"bm":0,"nm":"Fill 1","mn":"ADBE Vector Graphic - Fill","hd":false},{"ty":"tr","p":{"a":0,"k":[864.889,2076.698],"ix":2},"a":{"a":0,"k":[0,0],"ix":1},"s":{"a":0,"k":[100,100],"ix":3},"r":{"a":0,"k":0,"ix":6},"o":{"a":0,"k":100,"ix":7},"sk":{"a":0,"k":0,"ix":4},"sa":{"a":0,"k":0,"ix":5},"nm":"Transform"}],"nm":"Group 3","np":3,"cix":2,"bm":0,"ix":3,"mn":"ADBE Vector Group","hd":false}],"ip":0,"op":144,"st":0,"bm":0},{"ddd":0,"ind":10,"ty":4,"nm":"mask 2","td":1,"sr":1,"ks":{"o":{"a":0,"k":100,"ix":11},"r":{"a":0,"k":0,"ix":10},"p":{"a":0,"k":[1750,1750,0],"ix":2},"a":{"a":0,"k":[0,0,0],"ix":1},"s":{"a":0,"k":[100,100,100],"ix":6}},"ao":0,"shapes":[{"ty":"gr","it":[{"ind":0,"ty":"sh","ix":1,"ks":{"a":0,"k":{"i":[[0,0],[0,0],[0,0],[0,0]],"o":[[0,0],[0,0],[0,0],[0,0]],"v":[[1242,198],[-1002,330],[-966,1986],[1362,1926]],"c":true},"ix":2},"nm":"Path 1","mn":"ADBE Vector Shape - Group","hd":false},{"ty":"fl","c":{"a":0,"k":[0.138039218678,0.145496518004,0.533333333333,1],"ix":4},"o":{"a":0,"k":100,"ix":5},"r":1,"bm":0,"nm":"Fill 1","mn":"ADBE Vector Graphic - Fill","hd":false},{"ty":"tr","p":{"a":0,"k":[0,0],"ix":2},"a":{"a":0,"k":[0,0],"ix":1},"s":{"a":0,"k":[100,100],"ix":3},"r":{"a":0,"k":0,"ix":6},"o":{"a":0,"k":100,"ix":7},"sk":{"a":0,"k":0,"ix":4},"sa":{"a":0,"k":0,"ix":5},"nm":"Transform"}],"nm":"Shape 1","np":3,"cix":2,"bm":0,"ix":1,"mn":"ADBE Vector Group","hd":false}],"ip":0,"op":144,"st":0,"bm":0},{"ddd":0,"ind":11,"ty":4,"nm":"paper 2","tt":2,"sr":1,"ks":{"o":{"a":0,"k":100,"ix":11},"r":{"a":0,"k":0,"ix":10},"p":{"a":1,"k":[{"i":{"x":0.667,"y":1},"o":{"x":0.333,"y":0},"t":0,"s":[2021.956,2010.476,0],"to":[0,16.333,0],"ti":[0,-16.333,0]},{"t":60,"s":[2021.956,2108.476,0]}],"ix":2,"x":"var $bm_rt;\n$bm_rt = loopOut('pingpong');"},"a":{"a":0,"k":[2021.956,2010.476,0],"ix":1},"s":{"a":0,"k":[100,100,100],"ix":6}},"ao":0,"shapes":[{"ty":"gr","it":[{"ty":"gr","it":[{"ind":0,"ty":"sh","ix":1,"ks":{"a":0,"k":{"i":[[-0.065,-3.476],[-0.022,-3.677],[4.243,-0.046],[0,0],[0.234,3.373],[0.271,3.617],[-4.413,0.048],[0,0]],"o":[[0.07,3.677],[0.021,3.441],[0,0],[-4.165,0.045],[-0.255,-3.666],[-0.267,-3.574],[0,0],[4.287,-0.047]],"v":[[715.246,-13.27],[715.382,-2.239],[707.746,4.053],[-706.709,19.482],[-714.579,13.5],[-715.367,2.578],[-707.77,-4.047],[707.336,-19.482]],"c":true},"ix":2},"nm":"Path 1","mn":"ADBE Vector Shape - Group","hd":false},{"ty":"fl","c":{"a":0,"k":[0.847058832645,0.870588243008,0.909803926945,1],"ix":4},"o":{"a":0,"k":100,"ix":5},"r":1,"bm":0,"nm":"Fill 1","mn":"ADBE Vector Graphic - Fill","hd":false},{"ty":"tr","p":{"a":0,"k":[2084.265,892.939],"ix":2},"a":{"a":0,"k":[0,0],"ix":1},"s":{"a":0,"k":[100,100],"ix":3},"r":{"a":0,"k":0,"ix":6},"o":{"a":0,"k":100,"ix":7},"sk":{"a":0,"k":0,"ix":4},"sa":{"a":0,"k":0,"ix":5},"nm":"Transform"}],"nm":"Group 1","np":2,"cix":2,"bm":0,"ix":1,"mn":"ADBE Vector Group","hd":false},{"ty":"gr","it":[{"ind":0,"ty":"sh","ix":1,"ks":{"a":0,"k":{"i":[[0.353,-3.703],[0.384,-3.678],[3.965,-0.056],[0,0],[0.084,3.477],[0.1,3.626],[-4.284,0.06],[0,0]],"o":[[-0.351,3.675],[-0.334,3.203],[0,0],[-4.287,0.06],[-0.089,-3.668],[-0.096,-3.474],[0,0],[4.581,-0.065]],"v":[[710.019,-14.869],[708.916,-3.839],[701.342,1.895],[-701.844,21.66],[-709.757,15.451],[-710.04,4.51],[-702.459,-1.874],[702.107,-21.66]],"c":true},"ix":2},"nm":"Path 1","mn":"ADBE Vector Shape - Group","hd":false},{"ty":"fl","c":{"a":0,"k":[0.847058832645,0.870588243008,0.909803926945,1],"ix":4},"o":{"a":0,"k":100,"ix":5},"r":1,"bm":0,"nm":"Fill 1","mn":"ADBE Vector Graphic - Fill","hd":false},{"ty":"tr","p":{"a":0,"k":[2084.767,1009.689],"ix":2},"a":{"a":0,"k":[0,0],"ix":1},"s":{"a":0,"k":[100,100],"ix":3},"r":{"a":0,"k":0,"ix":6},"o":{"a":0,"k":100,"ix":7},"sk":{"a":0,"k":0,"ix":4},"sa":{"a":0,"k":0,"ix":5},"nm":"Transform"}],"nm":"Group 2","np":2,"cix":2,"bm":0,"ix":2,"mn":"ADBE Vector Group","hd":false},{"ty":"gr","it":[{"ind":0,"ty":"sh","ix":1,"ks":{"a":0,"k":{"i":[[0.651,-3.842],[0.64,-3.67],[3.795,-0.065],[0,0],[-0.018,3.545],[-0.011,3.634],[-4.197,0.072],[0,0]],"o":[[-0.621,3.665],[-0.531,3.046],[0,0],[-4.371,0.075],[0.019,-3.672],[0.01,-3.404],[0,0],[4.784,-0.082]],"v":[[701.528,-16.515],[699.637,-5.512],[692.129,-0.111],[-693.656,23.684],[-701.602,17.33],[-701.556,6.372],[-694.001,0.143],[693.624,-23.684]],"c":true},"ix":2},"nm":"Path 1","mn":"ADBE Vector Shape - Group","hd":false},{"ty":"fl","c":{"a":0,"k":[0.847058832645,0.870588243008,0.909803926945,1],"ix":4},"o":{"a":0,"k":100,"ix":5},"r":1,"bm":0,"nm":"Fill 1","mn":"ADBE Vector Graphic - Fill","hd":false},{"ty":"tr","p":{"a":0,"k":[2077.614,1126.756],"ix":2},"a":{"a":0,"k":[0,0],"ix":1},"s":{"a":0,"k":[100,100],"ix":3},"r":{"a":0,"k":0,"ix":6},"o":{"a":0,"k":100,"ix":7},"sk":{"a":0,"k":0,"ix":4},"sa":{"a":0,"k":0,"ix":5},"nm":"Transform"}],"nm":"Group 3","np":2,"cix":2,"bm":0,"ix":3,"mn":"ADBE Vector Group","hd":false},{"ty":"gr","it":[{"ind":0,"ty":"sh","ix":1,"ks":{"a":1,"k":[{"i":{"x":0.667,"y":1},"o":{"x":0.333,"y":0},"t":0,"s":[{"i":[[5.704,-0.024],[0,0],[1.111,2.517],[9.456,13.275],[-5.993,-0.017],[0,0],[-1.482,-1.397],[-27.004,-44.075]],"o":[[0,0],[-3.293,0.014],[-13.378,-30.3],[-3.003,-4.216],[0,0],[2.269,0.006],[38.007,35.833],[2.542,4.149]],"v":[[735.455,64.672],[-661.88,70.443],[-669.222,66.247],[-742.105,-60.995],[-735.426,-70.443],[638.842,-66.55],[644.759,-64.344],[742.36,55.636]],"c":true}]},{"i":{"x":0.667,"y":1},"o":{"x":0.333,"y":0},"t":60,"s":[{"i":[[5.704,-0.024],[0,0],[1.111,2.517],[9.456,13.275],[-5.993,-0.017],[0,0],[1.462,1.419],[-1.49,-3.813]],"o":[[0,0],[-3.293,0.014],[-13.378,-30.3],[-3.003,-4.216],[0,0],[2.269,0.006],[0.111,0.167],[1.771,4.532]],"v":[[819.455,64.672],[-585.88,68.443],[-585.222,66.247],[-602.105,-64.995],[-595.426,-74.443],[808.842,-54.55],[814.759,-52.344],[826.36,55.636]],"c":true}]},{"t":120,"s":[{"i":[[5.704,-0.024],[0,0],[1.111,2.517],[9.456,13.275],[-5.993,-0.017],[0,0],[-1.482,-1.397],[-27.004,-44.075]],"o":[[0,0],[-3.293,0.014],[-13.378,-30.3],[-3.003,-4.216],[0,0],[2.269,0.006],[38.007,35.833],[2.542,4.149]],"v":[[735.455,64.672],[-661.88,70.443],[-669.222,66.247],[-742.105,-60.995],[-735.426,-70.443],[638.842,-66.55],[644.759,-64.344],[742.36,55.636]],"c":true}]}],"ix":2},"nm":"Path 1","mn":"ADBE Vector Shape - Group","hd":false},{"ty":"fl","c":{"a":0,"k":[0.847058832645,0.870588243008,0.909803926945,1],"ix":4},"o":{"a":0,"k":100,"ix":5},"r":1,"bm":0,"nm":"Fill 1","mn":"ADBE Vector Graphic - Fill","hd":false},{"ty":"tr","p":{"a":0,"k":[1963.13,484.177],"ix":2},"a":{"a":0,"k":[0,0],"ix":1},"s":{"a":0,"k":[100,100],"ix":3},"r":{"a":0,"k":0,"ix":6},"o":{"a":0,"k":100,"ix":7},"sk":{"a":0,"k":0,"ix":4},"sa":{"a":0,"k":0,"ix":5},"nm":"Transform"}],"nm":"Group 5","np":2,"cix":2,"bm":0,"ix":4,"mn":"ADBE Vector Group","hd":false},{"ty":"gr","it":[{"ind":0,"ty":"sh","ix":1,"ks":{"a":1,"k":[{"i":{"x":0.667,"y":1},"o":{"x":0.333,"y":0},"t":0,"s":[{"i":[[-0.541,-3.141],[-0.573,-3.678],[4.622,-0.035],[0,0],[0.451,3.21],[0.537,3.608],[-4.611,0.035],[0,0]],"o":[[0.634,3.679],[0.579,3.721],[0,0],[-3.982,0.03],[-0.514,-3.662],[-0.553,-3.714],[0,0],[3.908,-0.03]],"v":[[715.46,-11.725],[717.266,-0.689],[709.655,6.353],[-707.895,17.17],[-715.693,11.546],[-717.271,0.642],[-709.687,-6.355],[707.648,-17.17]],"c":true}]},{"i":{"x":0.667,"y":1},"o":{"x":0.333,"y":0},"t":60,"s":[{"i":[[-0.541,-3.141],[-0.573,-3.678],[4.622,-0.035],[0,0],[0.451,3.21],[0.537,3.608],[-4.611,0.035],[0,0]],"o":[[0.634,3.679],[0.579,3.721],[0,0],[-3.982,0.03],[-0.514,-3.662],[-0.553,-3.714],[0,0],[3.908,-0.03]],"v":[[699.46,-11.725],[701.266,-0.689],[693.655,6.353],[-723.895,17.17],[-731.693,11.546],[-733.271,0.642],[-725.687,-6.355],[691.648,-17.17]],"c":true}]},{"t":120,"s":[{"i":[[-0.541,-3.141],[-0.573,-3.678],[4.622,-0.035],[0,0],[0.451,3.21],[0.537,3.608],[-4.611,0.035],[0,0]],"o":[[0.634,3.679],[0.579,3.721],[0,0],[-3.982,0.03],[-0.514,-3.662],[-0.553,-3.714],[0,0],[3.908,-0.03]],"v":[[715.46,-11.725],[717.266,-0.689],[709.655,6.353],[-707.895,17.17],[-715.693,11.546],[-717.271,0.642],[-709.687,-6.355],[707.648,-17.17]],"c":true}]}],"ix":2},"nm":"Path 1","mn":"ADBE Vector Shape - Group","hd":false},{"ty":"fl","c":{"a":0,"k":[0.847058832645,0.870588243008,0.909803926945,1],"ix":4},"o":{"a":0,"k":100,"ix":5},"r":1,"bm":0,"nm":"Fill 1","mn":"ADBE Vector Graphic - Fill","hd":false},{"ty":"tr","p":{"a":0,"k":[2105.314,776.462],"ix":2},"a":{"a":0,"k":[0,0],"ix":1},"s":{"a":0,"k":[100,100],"ix":3},"r":{"a":0,"k":0,"ix":6},"o":{"a":0,"k":100,"ix":7},"sk":{"a":0,"k":0,"ix":4},"sa":{"a":0,"k":0,"ix":5},"nm":"Transform"}],"nm":"Group 6","np":2,"cix":2,"bm":0,"ix":5,"mn":"ADBE Vector Group","hd":false},{"ty":"gr","it":[{"ind":0,"ty":"sh","ix":1,"ks":{"a":1,"k":[{"i":{"x":0.667,"y":1},"o":{"x":0.333,"y":0},"t":0,"s":[{"i":[[0,0],[-0.984,-2.691],[-1.27,-3.708],[-0.009,-0.026],[5.066,-0.022],[0,0],[0.752,2.94],[0.969,3.599],[-4.925,0.021]],"o":[[3.457,-0.015],[1.339,3.661],[0.009,0.026],[1.354,3.963],[0,0],[-3.7,0.016],[-0.934,-3.656],[-1.052,-3.905],[0,0]],"v":[[703.694,-14.766],[711.207,-10.253],[715.13,0.794],[715.157,0.874],[707.737,8.759],[-704.752,14.766],[-712.4,9.711],[-715.255,-1.171],[-707.77,-8.763]],"c":true}]},{"i":{"x":0.667,"y":1},"o":{"x":0.333,"y":0},"t":60,"s":[{"i":[[0,0],[-0.984,-2.691],[-1.27,-3.708],[-0.009,-0.026],[5.066,-0.022],[0,0],[0.752,2.94],[0.969,3.599],[-4.925,0.021]],"o":[[3.457,-0.015],[1.339,3.661],[0.009,0.026],[1.354,3.963],[0,0],[-3.7,0.016],[-0.934,-3.656],[-1.052,-3.905],[0,0]],"v":[[739.694,-14.766],[747.207,-10.253],[751.13,0.794],[751.157,0.874],[743.737,8.759],[-668.752,14.766],[-676.4,9.711],[-679.255,-1.171],[-671.77,-8.763]],"c":true}]},{"t":120,"s":[{"i":[[0,0],[-0.984,-2.691],[-1.27,-3.708],[-0.009,-0.026],[5.066,-0.022],[0,0],[0.752,2.94],[0.969,3.599],[-4.925,0.021]],"o":[[3.457,-0.015],[1.339,3.661],[0.009,0.026],[1.354,3.963],[0,0],[-3.7,0.016],[-0.934,-3.656],[-1.052,-3.905],[0,0]],"v":[[703.694,-14.766],[711.207,-10.253],[715.13,0.794],[715.157,0.874],[707.737,8.759],[-704.752,14.766],[-712.4,9.711],[-715.255,-1.171],[-707.77,-8.763]],"c":true}]}],"ix":2},"nm":"Path 1","mn":"ADBE Vector Shape - Group","hd":false},{"ty":"fl","c":{"a":0,"k":[0.847058832645,0.870588243008,0.909803926945,1],"ix":4},"o":{"a":0,"k":100,"ix":5},"r":1,"bm":0,"nm":"Fill 1","mn":"ADBE Vector Graphic - Fill","hd":false},{"ty":"tr","p":{"a":0,"k":[2047.165,660.172],"ix":2},"a":{"a":0,"k":[0,0],"ix":1},"s":{"a":0,"k":[100,100],"ix":3},"r":{"a":0,"k":0,"ix":6},"o":{"a":0,"k":100,"ix":7},"sk":{"a":0,"k":0,"ix":4},"sa":{"a":0,"k":0,"ix":5},"nm":"Transform"}],"nm":"Group 7","np":2,"cix":2,"bm":0,"ix":6,"mn":"ADBE Vector Group","hd":false},{"ty":"gr","it":[{"ind":0,"ty":"sh","ix":1,"ks":{"a":0,"k":{"i":[[0.793,-3.9],[0.752,-3.676],[3.709,-0.075],[0,0],[-0.089,3.592],[-0.084,3.639],[-4.137,0.083],[0,0]],"o":[[-0.746,3.67],[-0.607,2.966],[0,0],[-4.43,0.089],[0.09,-3.672],[0.078,-3.355],[0,0],[4.875,-0.098]],"v":[[697.221,-18.332],[694.974,-7.313],[687.541,-2.069],[-689.351,25.657],[-697.325,19.205],[-697.063,8.239],[-689.537,2.11],[689.337,-25.657]],"c":true},"ix":2},"nm":"Path 1","mn":"ADBE Vector Shape - Group","hd":false},{"ty":"fl","c":{"a":0,"k":[0.847058832645,0.870588243008,0.909803926945,1],"ix":4},"o":{"a":0,"k":100,"ix":5},"r":1,"bm":0,"nm":"Fill 1","mn":"ADBE Vector Graphic - Fill","hd":false},{"ty":"tr","p":{"a":0,"k":[2060.005,1244.227],"ix":2},"a":{"a":0,"k":[0,0],"ix":1},"s":{"a":0,"k":[100,100],"ix":3},"r":{"a":0,"k":0,"ix":6},"o":{"a":0,"k":100,"ix":7},"sk":{"a":0,"k":0,"ix":4},"sa":{"a":0,"k":0,"ix":5},"nm":"Transform"}],"nm":"Group 4","np":2,"cix":2,"bm":0,"ix":7,"mn":"ADBE Vector Group","hd":false},{"ty":"gr","it":[{"ind":0,"ty":"sh","ix":1,"ks":{"a":0,"k":{"i":[[0.779,-3.901],[0.725,-3.676],[3.709,-0.086],[0,0],[-0.15,3.633],[-0.146,3.674],[-4.086,0.094],[0,0]],"o":[[-0.733,3.671],[-0.586,2.97],[0,0],[-4.482,0.103],[0.151,-3.637],[0.132,-3.312],[0,0],[4.874,-0.113]],"v":[[694.99,-20.244],[692.803,-9.224],[685.408,-3.958],[-687.088,27.545],[-695.087,21.038],[-694.643,10.072],[-687.147,3.998],[687.094,-27.545]],"c":true},"ix":2},"nm":"Path 1","mn":"ADBE Vector Shape - Group","hd":false},{"ty":"fl","c":{"a":0,"k":[0.847058832645,0.870588243008,0.909803926945,1],"ix":4},"o":{"a":0,"k":100,"ix":5},"r":1,"bm":0,"nm":"Fill 1","mn":"ADBE Vector Graphic - Fill","hd":false},{"ty":"tr","p":{"a":0,"k":[2038.54,1362.014],"ix":2},"a":{"a":0,"k":[0,0],"ix":1},"s":{"a":0,"k":[100,100],"ix":3},"r":{"a":0,"k":0,"ix":6},"o":{"a":0,"k":100,"ix":7},"sk":{"a":0,"k":0,"ix":4},"sa":{"a":0,"k":0,"ix":5},"nm":"Transform"}],"nm":"Group 8","np":2,"cix":2,"bm":0,"ix":8,"mn":"ADBE Vector Group","hd":false},{"ty":"gr","it":[{"ind":0,"ty":"sh","ix":1,"ks":{"a":0,"k":{"i":[[-0.883,-2.926],[-1.138,-3.582],[4.912,-0.179],[0,0],[-0.206,3.696],[-0.237,3.731],[-3.974,0.145],[0,0]],"o":[[1.087,3.601],[1.228,3.865],[0,0],[-4.558,0.166],[0.203,-3.637],[0.205,-3.221],[0,0],[3.707,-0.135]],"v":[[689.149,-32.104],[692.487,-21.328],[685.382,-13.498],[-684.601,36.915],[-692.73,30.346],[-692.069,19.293],[-684.701,13.352],[681.262,-36.916]],"c":true},"ix":2},"nm":"Path 1","mn":"ADBE Vector Shape - Group","hd":false},{"ty":"fl","c":{"a":0,"k":[0.847058832645,0.870588243008,0.909803926945,1],"ix":4},"o":{"a":0,"k":100,"ix":5},"r":1,"bm":0,"nm":"Fill 1","mn":"ADBE Vector Graphic - Fill","hd":false},{"ty":"tr","p":{"a":0,"k":[2039.627,1951.687],"ix":2},"a":{"a":0,"k":[0,0],"ix":1},"s":{"a":0,"k":[100,100],"ix":3},"r":{"a":0,"k":0,"ix":6},"o":{"a":0,"k":100,"ix":7},"sk":{"a":0,"k":0,"ix":4},"sa":{"a":0,"k":0,"ix":5},"nm":"Transform"}],"nm":"Group 9","np":2,"cix":2,"bm":0,"ix":9,"mn":"ADBE Vector Group","hd":false},{"ty":"gr","it":[{"ind":0,"ty":"sh","ix":1,"ks":{"a":0,"k":{"i":[[0.614,-3.845],[0.566,-3.675],[3.795,-0.098],[0,0],[-0.217,3.675],[-0.211,3.681],[-4.032,0.105],[0,0]],"o":[[-0.586,3.67],[-0.47,3.054],[0,0],[-4.536,0.117],[0.215,-3.638],[0.188,-3.267],[0,0],[4.781,-0.124]],"v":[[695.085,-22.285],[693.355,-11.267],[685.967,-5.797],[-687.119,29.382],[-695.141,22.789],[-694.502,11.81],[-687.037,5.826],[687.143,-29.382]],"c":true},"ix":2},"nm":"Path 1","mn":"ADBE Vector Shape - Group","hd":false},{"ty":"fl","c":{"a":0,"k":[0.847058832645,0.870588243008,0.909803926945,1],"ix":4},"o":{"a":0,"k":100,"ix":5},"r":1,"bm":0,"nm":"Fill 1","mn":"ADBE Vector Graphic - Fill","hd":false},{"ty":"tr","p":{"a":0,"k":[2017.299,1480.032],"ix":2},"a":{"a":0,"k":[0,0],"ix":1},"s":{"a":0,"k":[100,100],"ix":3},"r":{"a":0,"k":0,"ix":6},"o":{"a":0,"k":100,"ix":7},"sk":{"a":0,"k":0,"ix":4},"sa":{"a":0,"k":0,"ix":5},"nm":"Transform"}],"nm":"Group 10","np":2,"cix":2,"bm":0,"ix":10,"mn":"ADBE Vector Group","hd":false},{"ty":"gr","it":[{"ind":0,"ty":"sh","ix":1,"ks":{"a":0,"k":{"i":[[-0.488,-3.268],[-0.587,-3.606],[4.542,-0.154],[0,0],[-0.368,3.77],[-0.365,3.712],[-3.903,0.132],[0,0]],"o":[[0.541,3.623],[0.595,3.656],[0,0],[-4.66,0.158],[0.354,-3.628],[0.311,-3.157],[0,0],[4.053,-0.137]],"v":[[689.422,-29.274],[691.114,-18.43],[683.803,-11.352],[-683.072,34.831],[-691.158,28.033],[-690.079,17.03],[-682.703,11.258],[681.389,-34.831]],"c":true},"ix":2},"nm":"Path 1","mn":"ADBE Vector Shape - Group","hd":false},{"ty":"fl","c":{"a":0,"k":[0.847058832645,0.870588243008,0.909803926945,1],"ix":4},"o":{"a":0,"k":100,"ix":5},"r":1,"bm":0,"nm":"Fill 1","mn":"ADBE Vector Graphic - Fill","hd":false},{"ty":"tr","p":{"a":0,"k":[2013.675,1834.065],"ix":2},"a":{"a":0,"k":[0,0],"ix":1},"s":{"a":0,"k":[100,100],"ix":3},"r":{"a":0,"k":0,"ix":6},"o":{"a":0,"k":100,"ix":7},"sk":{"a":0,"k":0,"ix":4},"sa":{"a":0,"k":0,"ix":5},"nm":"Transform"}],"nm":"Group 11","np":2,"cix":2,"bm":0,"ix":11,"mn":"ADBE Vector Group","hd":false},{"ty":"gr","it":[{"ind":0,"ty":"sh","ix":1,"ks":{"a":0,"k":{"i":[[0.323,-3.735],[0.285,-3.654],[3.972,-0.114],[0,0],[-0.288,3.718],[-0.28,3.689],[-3.977,0.114],[0,0]],"o":[[-0.315,3.649],[-0.251,3.216],[0,0],[-4.591,0.132],[0.281,-3.638],[0.244,-3.221],[0,0],[4.615,-0.132]],"v":[[691.937,-24.374],[691.035,-13.42],[683.616,-7.557],[-683.897,31.124],[-691.94,24.445],[-691.099,13.452],[-683.666,7.56],[683.909,-31.124]],"c":true},"ix":2},"nm":"Path 1","mn":"ADBE Vector Shape - Group","hd":false},{"ty":"fl","c":{"a":0,"k":[0.847058832645,0.870588243008,0.909803926945,1],"ix":4},"o":{"a":0,"k":100,"ix":5},"r":1,"bm":0,"nm":"Fill 1","mn":"ADBE Vector Graphic - Fill","hd":false},{"ty":"tr","p":{"a":0,"k":[2005.905,1598.087],"ix":2},"a":{"a":0,"k":[0,0],"ix":1},"s":{"a":0,"k":[100,100],"ix":3},"r":{"a":0,"k":0,"ix":6},"o":{"a":0,"k":100,"ix":7},"sk":{"a":0,"k":0,"ix":4},"sa":{"a":0,"k":0,"ix":5},"nm":"Transform"}],"nm":"Group 12","np":2,"cix":2,"bm":0,"ix":12,"mn":"ADBE Vector Group","hd":false},{"ty":"gr","it":[{"ind":0,"ty":"sh","ix":1,"ks":{"a":0,"k":{"i":[[-0.06,-3.544],[-0.103,-3.638],[4.22,-0.132],[0,0],[-0.352,3.755],[-0.342,3.699],[-3.927,0.123],[0,0]],"o":[[0.062,3.633],[0.097,3.424],[0,0],[-4.642,0.145],[0.341,-3.635],[0.294,-3.177],[0,0],[4.367,-0.137]],"v":[[692.964,-26.74],[693.209,-15.833],[685.808,-9.428],[-685.125,32.962],[-693.188,26.205],[-692.164,15.203],[-684.762,9.389],[684.896,-32.962]],"c":true},"ix":2},"nm":"Path 1","mn":"ADBE Vector Shape - Group","hd":false},{"ty":"fl","c":{"a":0,"k":[0.847058832645,0.870588243008,0.909803926945,1],"ix":4},"o":{"a":0,"k":100,"ix":5},"r":1,"bm":0,"nm":"Fill 1","mn":"ADBE Vector Graphic - Fill","hd":false},{"ty":"tr","p":{"a":0,"k":[2000.652,1716.19],"ix":2},"a":{"a":0,"k":[0,0],"ix":1},"s":{"a":0,"k":[100,100],"ix":3},"r":{"a":0,"k":0,"ix":6},"o":{"a":0,"k":100,"ix":7},"sk":{"a":0,"k":0,"ix":4},"sa":{"a":0,"k":0,"ix":5},"nm":"Transform"}],"nm":"Group 13","np":2,"cix":2,"bm":0,"ix":13,"mn":"ADBE Vector Group","hd":false},{"ty":"tr","p":{"a":0,"k":[2000.652,1716.19],"ix":2},"a":{"a":0,"k":[2000.652,1716.19],"ix":1},"s":{"a":0,"k":[100,100],"ix":3},"r":{"a":0,"k":0,"ix":6},"o":{"a":0,"k":100,"ix":7},"sk":{"a":0,"k":0,"ix":4},"sa":{"a":0,"k":0,"ix":5},"nm":"Transform"}],"nm":"Group 1","np":13,"cix":2,"bm":0,"ix":1,"mn":"ADBE Vector Group","hd":false},{"ty":"gr","it":[{"ind":0,"ty":"sh","ix":1,"ks":{"a":1,"k":[{"i":{"x":0.833,"y":0.833},"o":{"x":0.167,"y":0.167},"t":0,"s":[{"i":[[-62.418,-100.54],[79.841,-435.088],[-74.157,-177.012],[0,0],[6.575,98.136],[129.5,378.313],[71.631,56.519],[566.376,3.71]],"o":[[90.15,145.21],[-78.2,426.145],[0,0],[-48.508,-90.544],[-24.251,-361.879],[-56.27,-164.379],[-566.374,-3.708],[55.609,38.423]],"v":[[-791.297,-671.697],[-700.293,65.311],[-700.479,873.671],[943.04,799.552],[879.576,551.763],[942.217,-542.795],[715.307,-862.546],[-983.823,-873.671]],"c":true}]},{"i":{"x":0.833,"y":0.833},"o":{"x":0.167,"y":0.167},"t":60,"s":[{"i":[[-16.881,-107.269],[79.841,-435.088],[-74.157,-177.012],[0,0],[6.575,98.136],[15.396,395.806],[44.768,80.652],[566.376,3.71]],"o":[[25.056,165.944],[-78.2,426.145],[0,0],[-48.508,-90.544],[-24.251,-361.879],[-7.191,-152.376],[-566.374,-3.708],[8.453,76.62]],"v":[[-654.097,-671.697],[-700.293,65.311],[-700.479,873.671],[943.04,799.552],[879.576,551.763],[955.284,-480.728],[897.734,-872.852],[-693.089,-890.004]],"c":true}]},{"t":120,"s":[{"i":[[-62.418,-100.54],[79.841,-435.088],[-74.157,-177.012],[0,0],[6.575,98.136],[129.5,378.313],[71.631,56.519],[566.376,3.71]],"o":[[90.15,145.21],[-78.2,426.145],[0,0],[-48.508,-90.544],[-24.251,-361.879],[-56.27,-164.379],[-566.374,-3.708],[55.609,38.423]],"v":[[-791.297,-671.697],[-700.293,65.311],[-700.479,873.671],[943.04,799.552],[879.576,551.763],[942.217,-542.795],[715.307,-862.546],[-983.823,-873.671]],"c":true}]}],"ix":2},"nm":"Path 1","mn":"ADBE Vector Shape - Group","hd":false},{"ty":"gf","o":{"a":0,"k":100,"ix":10},"r":1,"bm":0,"g":{"p":3,"k":{"a":0,"k":[0,0.922,0.937,0.949,0.5,0.961,0.969,0.975,1,1,1,1],"ix":9}},"s":{"a":0,"k":[-202.635,-1665.405],"ix":5},"e":{"a":0,"k":[42.358,-347.277],"ix":6},"t":1,"nm":"Gradient Fill 1","mn":"ADBE Vector Graphic - G-Fill","hd":false},{"ty":"tr","p":{"a":0,"k":[1933.956,1178.476],"ix":2},"a":{"a":0,"k":[0,0],"ix":1},"s":{"a":0,"k":[100,100],"ix":3},"r":{"a":0,"k":0,"ix":6},"o":{"a":0,"k":100,"ix":7},"sk":{"a":0,"k":0,"ix":4},"sa":{"a":0,"k":0,"ix":5},"nm":"Transform"}],"nm":"Group 2","np":2,"cix":2,"bm":0,"ix":2,"mn":"ADBE Vector Group","hd":false}],"ip":0,"op":144,"st":0,"bm":0},{"ddd":0,"ind":14,"ty":4,"nm":"screen","sr":1,"ks":{"o":{"a":0,"k":100,"ix":11},"r":{"a":0,"k":0,"ix":10},"p":{"a":0,"k":[1851.97,1680.928,0],"ix":2},"a":{"a":0,"k":[1851.97,1680.928,0],"ix":1},"s":{"a":0,"k":[100,100,100],"ix":6}},"ao":0,"shapes":[{"ty":"gr","it":[{"ind":0,"ty":"sh","ix":1,"ks":{"a":0,"k":{"i":[[0,0],[0,0],[-35.009,2.064],[0,0],[0.457,27.479],[0,0]],"o":[[0,0],[0.516,31.001],[0,0],[27.732,-1.635],[0,0],[0,0]],"v":[[-1209.877,-124.759],[-1204.956,171.004],[-1140.28,223.611],[1160.339,87.976],[1209.87,35.046],[1205.564,-223.736]],"c":true},"ix":2},"nm":"Path 1","mn":"ADBE Vector Shape - Group","hd":false},{"ty":"fl","c":{"a":0,"k":[1,1,1,1],"ix":4},"o":{"a":0,"k":100,"ix":5},"r":1,"bm":0,"nm":"Fill 1","mn":"ADBE Vector Graphic - Fill","hd":false},{"ty":"tr","p":{"a":0,"k":[1864.294,2236.7],"ix":2},"a":{"a":0,"k":[0,0],"ix":1},"s":{"a":0,"k":[100,100],"ix":3},"r":{"a":0,"k":0,"ix":6},"o":{"a":0,"k":100,"ix":7},"sk":{"a":0,"k":0,"ix":4},"sa":{"a":0,"k":0,"ix":5},"nm":"Transform"}],"nm":"Group 1","np":2,"cix":2,"bm":0,"ix":1,"mn":"ADBE Vector Group","hd":false},{"ty":"gr","it":[{"ty":"gr","it":[{"ind":0,"ty":"sh","ix":1,"ks":{"a":0,"k":{"i":[[-0.163,-9.825],[10.938,0.164],[0.164,9.852],[-10.954,-0.19]],"o":[[0.163,9.825],[-10.954,-0.164],[-0.164,-9.852],[10.938,0.191]],"v":[[19.82,0.321],[0.323,17.815],[-19.819,-0.321],[-0.27,-17.814]],"c":true},"ix":2},"nm":"Path 1","mn":"ADBE Vector Shape - Group","hd":false},{"ty":"fl","c":{"a":0,"k":[0.615686297417,0.188235297799,0.376470595598,1],"ix":4},"o":{"a":0,"k":100,"ix":5},"r":1,"bm":0,"nm":"Fill 1","mn":"ADBE Vector Graphic - Fill","hd":false},{"ty":"tr","p":{"a":0,"k":[1016.633,745.66],"ix":2},"a":{"a":0,"k":[0,0],"ix":1},"s":{"a":0,"k":[100,100],"ix":3},"r":{"a":0,"k":0,"ix":6},"o":{"a":0,"k":100,"ix":7},"sk":{"a":0,"k":0,"ix":4},"sa":{"a":0,"k":0,"ix":5},"nm":"Transform"}],"nm":"Group 1","np":2,"cix":2,"bm":0,"ix":1,"mn":"ADBE Vector Group","hd":false},{"ty":"gr","it":[{"ind":0,"ty":"sh","ix":1,"ks":{"a":0,"k":{"i":[[-0.164,-9.882],[11.066,0.166],[0.165,9.91],[-11.083,-0.193]],"o":[[0.164,9.883],[-11.083,-0.166],[-0.165,-9.909],[11.067,0.192]],"v":[[20.053,0.324],[0.325,17.919],[-20.053,-0.325],[-0.271,-17.918]],"c":true},"ix":2},"nm":"Path 1","mn":"ADBE Vector Shape - Group","hd":false},{"ty":"fl","c":{"a":0,"k":[0.615686297417,0.188235297799,0.376470595598,1],"ix":4},"o":{"a":0,"k":100,"ix":5},"r":1,"bm":0,"nm":"Fill 1","mn":"ADBE Vector Graphic - Fill","hd":false},{"ty":"tr","p":{"a":0,"k":[930.079,744.259],"ix":2},"a":{"a":0,"k":[0,0],"ix":1},"s":{"a":0,"k":[100,100],"ix":3},"r":{"a":0,"k":0,"ix":6},"o":{"a":0,"k":100,"ix":7},"sk":{"a":0,"k":0,"ix":4},"sa":{"a":0,"k":0,"ix":5},"nm":"Transform"}],"nm":"Group 2","np":2,"cix":2,"bm":0,"ix":2,"mn":"ADBE Vector Group","hd":false},{"ty":"gr","it":[{"ind":0,"ty":"sh","ix":1,"ks":{"a":0,"k":{"i":[[-0.165,-9.941],[11.197,0.168],[0.166,9.968],[-11.214,-0.195]],"o":[[0.165,9.941],[-11.214,-0.168],[-0.166,-9.968],[11.197,0.195]],"v":[[20.29,0.329],[0.327,18.025],[-20.29,-0.329],[-0.272,-18.024]],"c":true},"ix":2},"nm":"Path 1","mn":"ADBE Vector Shape - Group","hd":false},{"ty":"fl","c":{"a":0,"k":[0.615686297417,0.188235297799,0.376470595598,1],"ix":4},"o":{"a":0,"k":100,"ix":5},"r":1,"bm":0,"nm":"Fill 1","mn":"ADBE Vector Graphic - Fill","hd":false},{"ty":"tr","p":{"a":0,"k":[842.504,742.84],"ix":2},"a":{"a":0,"k":[0,0],"ix":1},"s":{"a":0,"k":[100,100],"ix":3},"r":{"a":0,"k":0,"ix":6},"o":{"a":0,"k":100,"ix":7},"sk":{"a":0,"k":0,"ix":4},"sa":{"a":0,"k":0,"ix":5},"nm":"Transform"}],"nm":"Group 3","np":2,"cix":2,"bm":0,"ix":3,"mn":"ADBE Vector Group","hd":false},{"ty":"tr","p":{"a":0,"k":[842.504,742.84],"ix":2},"a":{"a":0,"k":[842.504,742.84],"ix":1},"s":{"a":0,"k":[100,100],"ix":3},"r":{"a":0,"k":0,"ix":6},"o":{"a":0,"k":100,"ix":7},"sk":{"a":0,"k":0,"ix":4},"sa":{"a":0,"k":0,"ix":5},"nm":"Transform"}],"nm":"Group 6","np":3,"cix":2,"bm":0,"ix":2,"mn":"ADBE Vector Group","hd":false},{"ty":"gr","it":[{"ind":0,"ty":"sh","ix":1,"ks":{"a":0,"k":{"i":[[0,0],[0,0],[25.558,0.528],[0,0],[-0.471,-28.284],[0,0]],"o":[[0,0],[-0.419,-25.226],[0,0],[-31.888,-0.659],[0,0],[0,0]],"v":[[1147.43,105.226],[1145.46,-13.182],[1098.279,-60.006],[-1090.229,-105.212],[-1147.423,-54.986],[-1145.214,77.776]],"c":true},"ix":2},"nm":"Path 1","mn":"ADBE Vector Shape - Group","hd":false},{"ty":"gf","o":{"a":0,"k":100,"ix":10},"r":1,"bm":0,"g":{"p":3,"k":{"a":0,"k":[0,1,0.565,0.522,0.5,0.992,0.5,0.627,1,0.984,0.435,0.733],"ix":9}},"s":{"a":0,"k":[-475.806,-1692.521],"ix":5},"e":{"a":0,"k":[320.496,1029.102],"ix":6},"t":1,"nm":"Gradient Fill 1","mn":"ADBE Vector Graphic - G-Fill","hd":false},{"ty":"tr","p":{"a":0,"k":[1849.628,758.122],"ix":2},"a":{"a":0,"k":[0,0],"ix":1},"s":{"a":0,"k":[100,100],"ix":3},"r":{"a":0,"k":0,"ix":6},"o":{"a":0,"k":100,"ix":7},"sk":{"a":0,"k":0,"ix":4},"sa":{"a":0,"k":0,"ix":5},"nm":"Transform"}],"nm":"Group 2","np":2,"cix":2,"bm":0,"ix":3,"mn":"ADBE Vector Group","hd":false},{"ty":"gr","it":[{"ind":0,"ty":"sh","ix":1,"ks":{"a":0,"k":{"i":[[0,0],[0,0],[-32.516,1.467],[0,0],[0.429,25.754],[0,0]],"o":[[0,0],[0.48,28.875],[0,0],[26.065,-1.176],[0,0],[0,0]],"v":[[-1155.817,-635.372],[-1136.57,537.473],[-1076.501,587.303],[1107.435,488.811],[1153.994,439.851],[1136.827,-611.921]],"c":true},"ix":2},"nm":"Path 1","mn":"ADBE Vector Shape - Group","hd":false},{"ty":"gf","o":{"a":0,"k":100,"ix":10},"r":1,"bm":0,"g":{"p":3,"k":{"a":0,"k":[0,1,0.769,0.267,0.498,0.976,0.602,0.302,0.996,0.953,0.435,0.337],"ix":9}},"s":{"a":0,"k":[-13.412,-728.174],"ix":5},"e":{"a":0,"k":[106.226,1824.075],"ix":6},"t":1,"nm":"Gradient Fill 1","mn":"ADBE Vector Graphic - G-Fill","hd":false},{"ty":"tr","p":{"a":0,"k":[1859.323,1439.269],"ix":2},"a":{"a":0,"k":[0,0],"ix":1},"s":{"a":0,"k":[100,100],"ix":3},"r":{"a":0,"k":0,"ix":6},"o":{"a":0,"k":100,"ix":7},"sk":{"a":0,"k":0,"ix":4},"sa":{"a":0,"k":0,"ix":5},"nm":"Transform"}],"nm":"Group 7","np":2,"cix":2,"bm":0,"ix":4,"mn":"ADBE Vector Group","hd":false},{"ty":"gr","it":[{"ind":0,"ty":"sh","ix":1,"ks":{"a":0,"k":{"i":[[0,0],[0,0],[27.771,0.654],[0,0],[-0.516,-31.001],[0,0]],"o":[[0,0],[-0.457,-27.479],[0,0],[-35.057,-0.825],[0,0],[0,0]],"v":[[1220.116,677.542],[1197.82,-662.513],[1146.558,-713.662],[-1157.22,-767.904],[-1220.109,-713.041],[-1195.469,767.924]],"c":true},"ix":2},"nm":"Path 1","mn":"ADBE Vector Shape - Group","hd":false},{"ty":"fl","c":{"a":0,"k":[0.215086489916,0.215086489916,0.494117647409,1],"ix":4},"o":{"a":0,"k":100,"ix":5},"r":1,"bm":0,"nm":"Fill 1","mn":"ADBE Vector Graphic - Fill","hd":false},{"ty":"tr","p":{"a":0,"k":[1849.886,1344.018],"ix":2},"a":{"a":0,"k":[0,0],"ix":1},"s":{"a":0,"k":[100,100],"ix":3},"r":{"a":0,"k":0,"ix":6},"o":{"a":0,"k":100,"ix":7},"sk":{"a":0,"k":0,"ix":4},"sa":{"a":0,"k":0,"ix":5},"nm":"Transform"}],"nm":"Group 3","np":3,"cix":2,"bm":0,"ix":5,"mn":"ADBE Vector Group","hd":false},{"ty":"gr","it":[{"ind":0,"ty":"sh","ix":1,"ks":{"a":0,"k":{"i":[[0,0],[9.446,42.587],[0,0],[0,0],[0,0],[-41.268,-15.176],[0,0],[-42.839,4.341],[0,0],[-1.331,13.32],[12.788,3.958]],"o":[[-41.671,-12.898],[0,0],[0,0],[0,0],[-8.178,43.203],[0,0],[40.413,14.861],[0,0],[13.318,-1.35],[1.331,-13.32],[0,0]],"v":[[269.698,117.086],[187.025,27.348],[121.792,-266.747],[-381.851,-240.231],[-440.244,68.252],[-382.902,169.414],[-165.623,249.315],[-39.106,265.301],[416.506,219.13],[441.682,193.919],[421.992,164.225]],"c":true},"ix":2},"nm":"Path 1","mn":"ADBE Vector Shape - Group","hd":false},{"ty":"gf","o":{"a":0,"k":100,"ix":10},"r":1,"bm":0,"g":{"p":3,"k":{"a":0,"k":[0.494,0.922,0.937,0.949,0.747,0.961,0.969,0.975,1,1,1,1],"ix":9}},"s":{"a":0,"k":[-9.475,-142.781],"ix":5},"e":{"a":0,"k":[2.541,151.551],"ix":6},"t":1,"nm":"Gradient Fill 1","mn":"ADBE Vector Graphic - G-Fill","hd":false},{"ty":"tr","p":{"a":0,"k":[1985.103,2498.914],"ix":2},"a":{"a":0,"k":[0,0],"ix":1},"s":{"a":0,"k":[100,100],"ix":3},"r":{"a":0,"k":0,"ix":6},"o":{"a":0,"k":100,"ix":7},"sk":{"a":0,"k":0,"ix":4},"sa":{"a":0,"k":0,"ix":5},"nm":"Transform"}],"nm":"Group 4","np":2,"cix":2,"bm":0,"ix":6,"mn":"ADBE Vector Group","hd":false},{"ty":"gr","it":[{"ind":0,"ty":"sh","ix":1,"ks":{"a":0,"k":{"i":[[0,0],[9.464,43.131],[0,0],[0,0],[0,0],[-41.313,-15.376],[0,0],[-42.882,4.388],[0,0],[-1.33,13.49],[12.801,4.011]],"o":[[-41.716,-13.071],[0,0],[0,0],[0,0],[-8.178,43.751],[0,0],[40.456,15.058],[0,0],[13.332,-1.364],[1.33,-13.49],[0,0]],"v":[[273.681,118.623],[190.906,27.728],[125.55,-270.124],[-390.682,-243.187],[-449.072,69.212],[-379.57,171.491],[-162.055,252.45],[-35.407,268.665],[420.657,221.995],[445.853,196.468],[443.484,163.694]],"c":true},"ix":2},"nm":"Path 1","mn":"ADBE Vector Shape - Group","hd":false},{"ty":"fl","c":{"a":0,"k":[0.592156887054,0.65098041296,0.717647075653,1],"ix":4},"o":{"a":0,"k":100,"ix":5},"r":1,"bm":0,"nm":"Fill 1","mn":"ADBE Vector Graphic - Fill","hd":false},{"ty":"tr","p":{"a":0,"k":[1976.312,2515.637],"ix":2},"a":{"a":0,"k":[0,0],"ix":1},"s":{"a":0,"k":[100,100],"ix":3},"r":{"a":0,"k":0,"ix":6},"o":{"a":0,"k":100,"ix":7},"sk":{"a":0,"k":0,"ix":4},"sa":{"a":0,"k":0,"ix":5},"nm":"Transform"}],"nm":"Group 5","np":2,"cix":2,"bm":0,"ix":7,"mn":"ADBE Vector Group","hd":false}],"ip":0,"op":144,"st":0,"bm":0},{"ddd":0,"ind":15,"ty":4,"nm":"BG","sr":1,"ks":{"o":{"a":0,"k":100,"ix":11},"r":{"a":0,"k":0,"ix":10},"p":{"a":0,"k":[1772.476,1783.354,0],"ix":2},"a":{"a":0,"k":[0,0,0],"ix":1},"s":{"a":0,"k":[100,100,100],"ix":6}},"ao":0,"shapes":[{"ty":"gr","it":[{"ind":0,"ty":"sh","ix":1,"ks":{"a":0,"k":{"i":[[182.909,-412.349],[235.976,11.604],[146.33,488.604],[202.046,286.886],[0.515,121.91],[-104.101,123.559],[-44.966,-384.071],[89.919,-172.21]],"o":[[-186.311,420.018],[-127.263,-6.259],[-96.62,-322.621],[-37.525,-53.28],[0,0],[308.471,-366.129],[10.304,88.014],[-257.519,493.188]],"v":[[1369.19,802.108],[30.164,1165.442],[-1344.245,624.784],[-1284.419,-369.832],[-1401.573,-626.517],[-1297.978,-870.315],[1346.512,-910.068],[1146.438,-643.709]],"c":true},"ix":2},"nm":"Path 1","mn":"ADBE Vector Shape - Group","hd":false},{"ty":"fl","c":{"a":0,"k":[0.956862747669,0.96862745285,0.980392158031,1],"ix":4},"o":{"a":0,"k":100,"ix":5},"r":1,"bm":0,"nm":"Fill 1","mn":"ADBE Vector Graphic - Fill","hd":false},{"ty":"tr","p":{"a":0,"k":[0,0],"ix":2},"a":{"a":0,"k":[0,0],"ix":1},"s":{"a":0,"k":[100,100],"ix":3},"r":{"a":0,"k":0,"ix":6},"o":{"a":0,"k":100,"ix":7},"sk":{"a":0,"k":0,"ix":4},"sa":{"a":0,"k":0,"ix":5},"nm":"Transform"}],"nm":"BG","np":2,"cix":2,"bm":0,"ix":1,"mn":"ADBE Vector Group","hd":false}],"ip":0,"op":144,"st":0,"bm":0}],"markers":[]}