{"v":"5.4.2","fr":60,"ip":0,"op":240,"w":600,"h":600,"nm":"animacao_circulo","ddd":0,"assets":[],"layers":[{"ddd":0,"ind":1,"ty":4,"nm":"left-arrow Outlines","sr":1,"ks":{"o":{"a":1,"k":[{"i":{"x":[0.833],"y":[0.833]},"o":{"x":[0.167],"y":[0.167]},"n":["0p833_0p833_0p167_0p167"],"t":13,"s":[0],"e":[100]},{"t":25}],"ix":11},"r":{"a":0,"k":0,"ix":10},"p":{"a":1,"k":[{"i":{"x":0.36,"y":1},"o":{"x":0.167,"y":0.167},"n":"0p36_1_0p167_0p167","t":13,"s":[318.5,314,0],"e":[254.5,314,0],"to":[-10.6666669845581,0,0],"ti":[10.6666669845581,0,0]},{"t":38}],"ix":2},"a":{"a":0,"k":[246.5,204.5,0],"ix":1},"s":{"a":0,"k":[62.677,62.677,100],"ix":6}},"ao":0,"shapes":[{"ty":"gr","it":[{"ind":0,"ty":"sh","ix":1,"ks":{"a":0,"k":{"i":[[0,0],[0,0],[0,0],[0,7.2],[5.068,5.076],[0,0],[7.196,0],[5.064,-5.064],[0,0],[-0.02,-7.204],[-5.084,-5.076],[0,0],[-7.204,0],[-5.064,5.056],[0,0],[0,7.2],[5.068,5.06],[0,0],[0,0],[0,14.82],[0,0],[14.828,0]],"o":[[0,0],[0,0],[5.068,-5.064],[0,-7.2],[0,0],[-5.064,-5.064],[-7.2,0],[0,0],[-5.084,5.084],[-0.02,7.244],[0,0],[5.064,5.06],[7.196,0],[0,0],[5.068,-5.056],[0,-7.196],[0,0],[0,0],[14.828,0],[0,0],[0,-14.82],[0,0]],"v":[[219.112,-38.414],[-110.112,-38.414],[-6.616,-142.138],[1.232,-161.262],[-6.616,-180.35],[-22.72,-196.462],[-41.728,-204.326],[-60.744,-196.482],[-238.156,-19.086],[-246,-0.026],[-238.156,19.07],[-60.744,196.482],[-41.728,204.326],[-22.72,196.482],[-6.616,180.37],[1.232,161.362],[-6.616,142.71],[-111.28,38.406],[218.712,38.406],[246,10.806],[246,-11.982],[218.344,-38.582]],"c":false},"ix":2},"nm":"Path 1","mn":"ADBE Vector Shape - Group","hd":false},{"ty":"fl","c":{"a":0,"k":[0.227450980392,0.56862745098,0.247058823529,1],"ix":4},"o":{"a":0,"k":100,"ix":5},"r":1,"nm":"Fill 1","mn":"ADBE Vector Graphic - Fill","hd":false},{"ty":"tr","p":{"a":0,"k":[246,204.674],"ix":2},"a":{"a":0,"k":[0,0],"ix":1},"s":{"a":0,"k":[100,100],"ix":3},"r":{"a":0,"k":0,"ix":6},"o":{"a":0,"k":100,"ix":7},"sk":{"a":0,"k":0,"ix":4},"sa":{"a":0,"k":0,"ix":5},"nm":"Transform"}],"nm":"Group 1","np":4,"cix":2,"ix":1,"mn":"ADBE Vector Group","hd":false}],"ip":0,"op":240,"st":0,"bm":0},{"ddd":0,"ind":2,"ty":4,"nm":"Shape Layer 1","sr":1,"ks":{"o":{"a":0,"k":100,"ix":11},"r":{"a":0,"k":0,"ix":10},"p":{"a":0,"k":[300,312.5,0],"ix":2},"a":{"a":0,"k":[-2.883,23.117,0],"ix":1},"s":{"a":0,"k":[100,100,100],"ix":6}},"ao":0,"shapes":[{"ty":"gr","it":[{"d":1,"ty":"el","s":{"a":0,"k":[514.234,514.234],"ix":2},"p":{"a":0,"k":[0,0],"ix":3},"nm":"Ellipse Path 1","mn":"ADBE Vector Shape - Ellipse","hd":false},{"ty":"tm","s":{"a":0,"k":0,"ix":1},"e":{"a":1,"k":[{"i":{"x":[0.36],"y":[1]},"o":{"x":[0.167],"y":[0.167]},"n":["0p36_1_0p167_0p167"],"t":13,"s":[0],"e":[49]},{"t":38}],"ix":2},"o":{"a":0,"k":0,"ix":3},"m":1,"ix":2,"nm":"Trim Paths 1","mn":"ADBE Vector Filter - Trim","hd":false},{"ty":"st","c":{"a":0,"k":[0.082352941176,0.278431372549,0.203921568627,1],"ix":3},"o":{"a":0,"k":100,"ix":4},"w":{"a":0,"k":46,"ix":5},"lc":2,"lj":2,"nm":"Stroke 1","mn":"ADBE Vector Graphic - Stroke","hd":false},{"ty":"tr","p":{"a":0,"k":[-2.883,10.617],"ix":2},"a":{"a":0,"k":[0,0],"ix":1},"s":{"a":0,"k":[91.593,91.593],"ix":3},"r":{"a":0,"k":0,"ix":6},"o":{"a":0,"k":100,"ix":7},"sk":{"a":0,"k":0,"ix":4},"sa":{"a":0,"k":0,"ix":5},"nm":"Transform"}],"nm":"Ellipse 1","np":4,"cix":2,"ix":1,"mn":"ADBE Vector Group","hd":false}],"ip":0,"op":240,"st":0,"bm":0}],"markers":[]}