{"v":"5.7.4","fr":29.9700012207031,"ip":0,"op":180.00000733155,"w":512,"h":512,"nm":"IdenityVerificationPending","ddd":0,"assets":[],"layers":[{"ddd":0,"ind":1,"ty":3,"nm":"Null 5","sr":1,"ks":{"o":{"a":0,"k":0,"ix":11},"r":{"a":0,"k":0,"ix":10},"p":{"a":0,"k":[259,260,0],"ix":2,"l":2},"a":{"a":0,"k":[50,50,0],"ix":1,"l":2},"s":{"a":0,"k":[300,300,100],"ix":6,"l":2}},"ao":0,"ip":0,"op":180.00000733155,"st":0,"bm":0},{"ddd":0,"ind":2,"ty":4,"nm":"Layer 2 Outlines","parent":1,"sr":1,"ks":{"o":{"a":0,"k":100,"ix":11},"r":{"a":0,"k":0,"ix":10},"p":{"a":0,"k":[49,48.95,0],"ix":2,"l":2},"a":{"a":0,"k":[29.338,24.542,0],"ix":1,"l":2},"s":{"a":0,"k":[100,100,100],"ix":6,"l":2}},"ao":0,"shapes":[{"ty":"gr","it":[{"ind":0,"ty":"sh","ix":1,"ks":{"a":0,"k":{"i":[[2.303,0],[0,0],[0,2.303],[0,0],[-2.303,0],[0,0],[0,-2.303],[0,0]],"o":[[0,0],[-2.303,0],[0,0],[0,-2.303],[0,0],[2.303,0],[0,0],[0,2.303]],"v":[[17.667,17.042],[-17.667,17.042],[-21.837,12.872],[-21.837,-12.872],[-17.667,-17.042],[17.667,-17.042],[21.837,-12.872],[21.837,12.872]],"c":true},"ix":2},"nm":"Path 1","mn":"ADBE Vector Shape - Group","hd":false},{"ty":"st","c":{"a":0,"k":[0,0.7569,0.6353,1],"ix":3},"o":{"a":0,"k":100,"ix":4},"w":{"a":0,"k":3,"ix":5},"lc":1,"lj":1,"ml":10,"bm":0,"nm":"Stroke 1","mn":"ADBE Vector Graphic - Stroke","hd":false},{"ty":"tr","p":{"a":0,"k":[29.338,24.542],"ix":2},"a":{"a":0,"k":[0,0],"ix":1},"s":{"a":0,"k":[100,100],"ix":3},"r":{"a":0,"k":0,"ix":6},"o":{"a":0,"k":100,"ix":7},"sk":{"a":0,"k":0,"ix":4},"sa":{"a":0,"k":0,"ix":5},"nm":"Transform"}],"nm":"Group 1","np":2,"cix":2,"bm":0,"ix":1,"mn":"ADBE Vector Group","hd":false}],"ip":0,"op":180.00000733155,"st":-16.0000006516934,"bm":0},{"ddd":0,"ind":3,"ty":4,"nm":"Layer 7 Outlines","parent":1,"sr":1,"ks":{"o":{"a":0,"k":100,"ix":11},"r":{"a":0,"k":0,"ix":10},"p":{"a":0,"k":[54.387,42.54,0],"ix":2,"l":2},"a":{"a":0,"k":[0.527,1.53,0],"ix":1,"l":2},"s":{"a":0,"k":[100,100,100],"ix":6,"l":2}},"ao":0,"shapes":[{"ty":"gr","it":[{"ind":0,"ty":"sh","ix":1,"ks":{"a":0,"k":{"i":[[0,-0.35],[0,0],[0.36,0],[0,0],[0,0.35],[0,0],[-0.35,0],[0,0]],"o":[[0,0],[0,0.35],[0,0],[-0.35,0],[0,0],[0,-0.35],[0,0],[0.36,0]],"v":[[5.11,-0.64],[5.11,0.64],[4.47,1.28],[-4.47,1.28],[-5.11,0.64],[-5.11,-0.64],[-4.47,-1.28],[4.47,-1.28]],"c":true},"ix":2},"nm":"Path 1","mn":"ADBE Vector Shape - Group","hd":false},{"ty":"fl","c":{"a":0,"k":[0,0.7569,0.6353,1],"ix":4},"o":{"a":0,"k":100,"ix":5},"r":1,"bm":0,"nm":"Fill 1","mn":"ADBE Vector Graphic - Fill","hd":false},{"ty":"tr","p":{"a":0,"k":[5.36,1.53],"ix":2},"a":{"a":0,"k":[0,0],"ix":1},"s":{"a":0,"k":[100,100],"ix":3},"r":{"a":0,"k":0,"ix":6},"o":{"a":0,"k":100,"ix":7},"sk":{"a":0,"k":0,"ix":4},"sa":{"a":0,"k":0,"ix":5},"nm":"Transform"}],"nm":"Group 1","np":2,"cix":2,"bm":0,"ix":1,"mn":"ADBE Vector Group","hd":false}],"ip":0,"op":180.00000733155,"st":-16.0000006516934,"bm":0},{"ddd":0,"ind":4,"ty":4,"nm":"Layer 6 Outlines","parent":1,"sr":1,"ks":{"o":{"a":0,"k":100,"ix":11},"r":{"a":0,"k":0,"ix":10},"p":{"a":0,"k":[64.22,47.67,0],"ix":2,"l":2},"a":{"a":0,"k":[10.36,1.53,0],"ix":1,"l":2},"s":{"a":0,"k":[100,100,100],"ix":6,"l":2}},"ao":0,"shapes":[{"ty":"gr","it":[{"ind":0,"ty":"sh","ix":1,"ks":{"a":0,"k":{"i":[[0,-0.35],[0,0],[0.36,0],[0,0],[0,0.35],[0,0],[-0.35,0],[0,0]],"o":[[0,0],[0,0.35],[0,0],[-0.35,0],[0,0],[0,-0.35],[0,0],[0.36,0]],"v":[[5.11,-0.64],[5.11,0.64],[4.47,1.28],[-4.47,1.28],[-5.11,0.64],[-5.11,-0.64],[-4.47,-1.28],[4.47,-1.28]],"c":true},"ix":2},"nm":"Path 1","mn":"ADBE Vector Shape - Group","hd":false},{"ty":"fl","c":{"a":0,"k":[0,0.7569,0.6353,1],"ix":4},"o":{"a":0,"k":100,"ix":5},"r":1,"bm":0,"nm":"Fill 1","mn":"ADBE Vector Graphic - Fill","hd":false},{"ty":"tr","p":{"a":0,"k":[5.36,1.53],"ix":2},"a":{"a":0,"k":[0,0],"ix":1},"s":{"a":0,"k":[100,100],"ix":3},"r":{"a":0,"k":0,"ix":6},"o":{"a":0,"k":100,"ix":7},"sk":{"a":0,"k":0,"ix":4},"sa":{"a":0,"k":0,"ix":5},"nm":"Transform"}],"nm":"Group 1","np":2,"cix":2,"bm":0,"ix":1,"mn":"ADBE Vector Group","hd":false}],"ip":0,"op":180.00000733155,"st":-16.0000006516934,"bm":0},{"ddd":0,"ind":5,"ty":4,"nm":"Layer 5 Outlines","parent":1,"sr":1,"ks":{"o":{"a":0,"k":100,"ix":11},"r":{"a":0,"k":0,"ix":10},"p":{"a":0,"k":[54.387,52.8,0],"ix":2,"l":2},"a":{"a":0,"k":[0.527,1.53,0],"ix":1,"l":2},"s":{"a":0,"k":[100,100,100],"ix":6,"l":2}},"ao":0,"shapes":[{"ty":"gr","it":[{"ind":0,"ty":"sh","ix":1,"ks":{"a":0,"k":{"i":[[0,-0.36],[0,0],[0.36,0],[0,0],[0,0.35],[0,0],[-0.35,0],[0,0]],"o":[[0,0],[0,0.35],[0,0],[-0.35,0],[0,0],[0,-0.36],[0,0],[0.36,0]],"v":[[5.11,-0.64],[5.11,0.64],[4.47,1.28],[-4.47,1.28],[-5.11,0.64],[-5.11,-0.64],[-4.47,-1.28],[4.47,-1.28]],"c":true},"ix":2},"nm":"Path 1","mn":"ADBE Vector Shape - Group","hd":false},{"ty":"fl","c":{"a":0,"k":[0,0.7569,0.6353,1],"ix":4},"o":{"a":0,"k":100,"ix":5},"r":1,"bm":0,"nm":"Fill 1","mn":"ADBE Vector Graphic - Fill","hd":false},{"ty":"tr","p":{"a":0,"k":[5.36,1.53],"ix":2},"a":{"a":0,"k":[0,0],"ix":1},"s":{"a":0,"k":[100,100],"ix":3},"r":{"a":0,"k":0,"ix":6},"o":{"a":0,"k":100,"ix":7},"sk":{"a":0,"k":0,"ix":4},"sa":{"a":0,"k":0,"ix":5},"nm":"Transform"}],"nm":"Group 1","np":2,"cix":2,"bm":0,"ix":1,"mn":"ADBE Vector Group","hd":false}],"ip":0,"op":180.00000733155,"st":-16.0000006516934,"bm":0},{"ddd":0,"ind":6,"ty":4,"nm":"Layer 3 Outlines","parent":1,"sr":1,"ks":{"o":{"a":0,"k":100,"ix":11},"r":{"a":0,"k":0,"ix":10},"p":{"a":0,"k":[42.61,45.08,0],"ix":2,"l":2},"a":{"a":0,"k":[11.228,11.228,0],"ix":1,"l":2},"s":{"a":0,"k":[100,100,100],"ix":6,"l":2}},"ao":0,"shapes":[{"ty":"gr","it":[{"ind":0,"ty":"sh","ix":1,"ks":{"a":0,"k":{"i":[[0,-2.853],[2.853,0],[0,2.853],[-2.853,0]],"o":[[0,2.853],[-2.853,0],[0,-2.853],[2.853,0]],"v":[[5.166,0],[0,5.166],[-5.166,0],[0,-5.166]],"c":true},"ix":2},"nm":"Path 1","mn":"ADBE Vector Shape - Group","hd":false},{"ty":"st","c":{"a":0,"k":[0,0.7569,0.6353,1],"ix":3},"o":{"a":0,"k":100,"ix":4},"w":{"a":0,"k":2.425,"ix":5},"lc":1,"lj":1,"ml":10,"bm":0,"nm":"Stroke 1","mn":"ADBE Vector Graphic - Stroke","hd":false},{"ty":"tr","p":{"a":0,"k":[11.228,11.228],"ix":2},"a":{"a":0,"k":[0,0],"ix":1},"s":{"a":0,"k":[100,100],"ix":3},"r":{"a":0,"k":0,"ix":6},"o":{"a":0,"k":100,"ix":7},"sk":{"a":0,"k":0,"ix":4},"sa":{"a":0,"k":0,"ix":5},"nm":"Transform"}],"nm":"Group 1","np":2,"cix":2,"bm":0,"ix":1,"mn":"ADBE Vector Group","hd":false}],"ip":0,"op":180.00000733155,"st":-16.0000006516934,"bm":0},{"ddd":0,"ind":7,"ty":4,"nm":"Layer 1 Outlines","parent":1,"sr":1,"ks":{"o":{"a":0,"k":100,"ix":11},"r":{"a":0,"k":0,"ix":10},"p":{"a":0,"k":[42.62,60.312,0],"ix":2,"l":2},"a":{"a":0,"k":[9.2,7.762,0],"ix":1,"l":2},"s":{"a":0,"k":[100,100,100],"ix":6,"l":2}},"ao":0,"shapes":[{"ty":"gr","it":[{"ind":0,"ty":"sh","ix":1,"ks":{"a":0,"k":{"i":[[-0.98,-1.44],[0,-1.11],[0,0],[0.35,0],[0,0],[0,0.35],[0,0],[0.31,0.46],[0.92,0],[2.07,0],[0.99,0],[0.45,-0.67],[0,-0.56],[0,0],[0.35,0],[0,0],[0,0.35],[0,0],[-0.58,0.86],[-1.69,0],[-1.79,0],[-1.56,0]],"o":[[0.58,0.86],[0,0],[0,0.35],[0,0],[-0.35,0],[0,0],[0,-0.56],[-0.45,-0.66],[-1,0],[-2.08,0],[-0.92,0],[-0.31,0.46],[0,0],[0,0.35],[0,0],[-0.36,0],[0,0],[0,-1.11],[0.96,-1.44],[1.56,0],[1.79,0],[1.68,0]],"v":[[8.04,-1.655],[8.95,1.355],[8.95,3.205],[8.31,3.845],[7.03,3.845],[6.4,3.205],[6.4,1.355],[5.92,-0.215],[3.74,-1.275],[0,-0.715],[-3.74,-1.275],[-5.92,-0.215],[-6.4,1.355],[-6.4,3.205],[-7.04,3.845],[-8.31,3.845],[-8.95,3.205],[-8.95,1.355],[-8.04,-1.655],[-3.75,-3.845],[-0.01,-3.285],[3.73,-3.845]],"c":true},"ix":2},"nm":"Path 1","mn":"ADBE Vector Shape - Group","hd":false},{"ty":"fl","c":{"a":0,"k":[0,0.7569,0.6353,1],"ix":4},"o":{"a":0,"k":100,"ix":5},"r":1,"bm":0,"nm":"Fill 1","mn":"ADBE Vector Graphic - Fill","hd":false},{"ty":"tr","p":{"a":0,"k":[9.2,4.095],"ix":2},"a":{"a":0,"k":[0,0],"ix":1},"s":{"a":0,"k":[100,100],"ix":3},"r":{"a":0,"k":0,"ix":6},"o":{"a":0,"k":100,"ix":7},"sk":{"a":0,"k":0,"ix":4},"sa":{"a":0,"k":0,"ix":5},"nm":"Transform"}],"nm":"Group 1","np":2,"cix":2,"bm":0,"ix":1,"mn":"ADBE Vector Group","hd":false}],"ip":0,"op":180.00000733155,"st":-16.0000006516934,"bm":0},{"ddd":0,"ind":8,"ty":4,"nm":"Circle 4","sr":1,"ks":{"o":{"a":0,"k":100,"ix":11},"r":{"a":1,"k":[{"i":{"x":[0.833],"y":[0.833]},"o":{"x":[0.167],"y":[0.167]},"t":0,"s":[0]},{"t":180.00000733155,"s":[360]}],"ix":10},"p":{"a":0,"k":[256,256,0],"ix":2,"l":2},"a":{"a":0,"k":[42,42,0],"ix":1,"l":2},"s":{"a":0,"k":[300,300,100],"ix":6,"l":2}},"ao":0,"shapes":[{"ty":"gr","it":[{"ind":0,"ty":"sh","ix":1,"ks":{"a":0,"k":{"i":[[-20.987,0],[0,-20.987],[20.987,0],[0,20.987]],"o":[[20.987,0],[0,20.987],[-20.987,0],[0,-20.987]],"v":[[0,-38],[38,0],[0,38],[-38,0]],"c":true},"ix":2},"nm":"Path 1","mn":"ADBE Vector Shape - Group","hd":false},{"ty":"st","c":{"a":0,"k":[0,0.7569,0.6353,1],"ix":3},"o":{"a":0,"k":100,"ix":4},"w":{"a":0,"k":4,"ix":5},"lc":1,"lj":1,"ml":4,"bm":0,"nm":"Stroke 1","mn":"ADBE Vector Graphic - Stroke","hd":false},{"ty":"tr","p":{"a":0,"k":[42,42],"ix":2},"a":{"a":0,"k":[0,0],"ix":1},"s":{"a":0,"k":[100,100],"ix":3},"r":{"a":0,"k":0,"ix":6},"o":{"a":0,"k":100,"ix":7},"sk":{"a":0,"k":0,"ix":4},"sa":{"a":0,"k":0,"ix":5},"nm":"Transform"}],"nm":"Group 1","np":2,"cix":2,"bm":0,"ix":1,"mn":"ADBE Vector Group","hd":false},{"ty":"tm","s":{"a":1,"k":[{"i":{"x":[0.833],"y":[0.833]},"o":{"x":[0.167],"y":[0.167]},"t":0,"s":[0]},{"i":{"x":[0.833],"y":[0.833]},"o":{"x":[0.167],"y":[0.167]},"t":89,"s":[100]},{"t":90.0000036657751,"s":[0]}],"ix":1},"e":{"a":1,"k":[{"i":{"x":[0.833],"y":[0.833]},"o":{"x":[0.167],"y":[0.167]},"t":0,"s":[100]},{"i":{"x":[0.833],"y":[0.833]},"o":{"x":[0.167],"y":[0.167]},"t":89,"s":[100]},{"i":{"x":[0.833],"y":[0.833]},"o":{"x":[0.167],"y":[0.167]},"t":90,"s":[0]},{"t":180.00000733155,"s":[100]}],"ix":2},"o":{"a":1,"k":[{"i":{"x":[0.833],"y":[0.833]},"o":{"x":[0.167],"y":[0.167]},"t":0,"s":[0]},{"i":{"x":[0.833],"y":[0.833]},"o":{"x":[0.167],"y":[0.167]},"t":89,"s":[360]},{"i":{"x":[0.833],"y":[0.833]},"o":{"x":[0.167],"y":[0.167]},"t":90,"s":[360]},{"t":180.00000733155,"s":[720]}],"ix":3},"m":1,"ix":2,"nm":"Trim Paths 1","mn":"ADBE Vector Filter - Trim","hd":false}],"ip":0,"op":180.00000733155,"st":0,"bm":0}],"markers":[]}